Sample,Input_Size,Percent_PostTrim,Num_Uniquely_Aligned,Percent_Uniquely_Aligned,Percent_Exonic,Num_Uniquely_Aligned_rRNA,Percent_Overrepresented_Seq_Untrimmed,Percent_Adapter_Content_Untrimmed,Percent_Overrepresented_Seq_Trimmed,Percent_Adapter_Content_Trimmed,Batch,_gbc_pvals,GBC_KSstats,_hist_pvals,NumGenes
RNA_B01_01,13458264.0,92.03,2096032.0,16.923081400818138,40.37,768137.0,1.24,19.977,0.0,0.368,batch_01,0.03129993609776144,0.26,0.4321388913289235,14522.0
RNA_B01_02,17001998.0,80.08,7466677.0,54.84074417472716,39.25,3515690.0,8.19,28.991,0.81,1.234,batch_01,0.11102067816172984,0.21,0.4900710334370917,14074.0
RNA_B01_03,19675075.0,99.27,6831593.0,34.9774034489829,50.2,1871554.0,0.64,3.942,0.28,0.122,batch_01,0.5749037124841687,0.1,0.35480163495007566,15140.0
RNA_B01_04,14605871.0,65.31,4918826.0,51.56491611751838,36.32,2105290.0,16.43,41.657,2.13,2.342,batch_01,0.02328424480183089,0.27,0.16055559450026352,10954.0
RNA_B01_05,16537779.0,83.46,7326697.0,53.082658723180515,34.99,3962023.0,5.92,28.487,0.78,0.9,batch_01,0.3730253578520104,0.14,0.3690958655432559,15023.0
RNA_B01_06,18812689.0,99.61,11077659.0,59.114521166973155,64.13,1952601.0,1.35,2.143,1.0,0.07,batch_01,0.5241976481720823,0.11,0.21840650917686316,16383.0
RNA_B01_07,18650479.0,97.69,2314390.0,12.702711781854791,41.99,663120.0,0.0,9.679,0.0,0.185,batch_01,0.03129993609776144,0.26,0.3240178785876815,15398.0
RNA_B01_08,15019507.0,82.69,7025549.0,56.568100729491256,41.3,3101904.0,7.03,24.729,0.99,1.152,batch_01,0.06977351916625232,0.23,0.3495631688264016,12812.0
RNA_B01_09,15268064.0,96.91,10207418.0,68.98637652610007,64.24,2210795.0,1.12,5.659,0.61,0.182,batch_01,0.5749037124841687,0.1,0.20101902598978538,11427.0
RNA_B01_10,16434059.0,99.08,7787624.0,47.827109576111056,61.37,1710255.0,0.67,3.58,0.47,0.093,batch_01,0.6719249106542564,0.08,0.34790970186384246,15197.0
RNA_B01_11,19883412.0,97.06,13605101.0,70.49698956266067,62.52,2988231.0,0.78,7.377,0.46,0.179,batch_01,0.5749037124841687,0.1,0.2925975652624798,15672.0
RNA_B01_12,17699319.0,91.85,10786841.0,66.35269390405679,55.4,2780722.0,2.22,13.367,0.6,0.376,batch_01,0.6243985690243574,0.09,0.49956354940956454,14001.0
RNA_B01_13,15615657.0,92.88,8985729.0,61.954213604589626,57.48,2236312.0,2.47,10.61,0.78,0.358,batch_01,0.5241976481720823,0.11,0.196022123282578,11372.0
RNA_B01_14,21553137.0,98.34,3974286.0,18.75074049910015,60.59,802117.0,0.0,4.7,0.0,0.098,batch_01,0.05417421979195347,0.24,0.30764029891503686,12456.0
RNA_B01_15,20237162.0,95.15,12451898.0,64.66617208061542,58.32,3749498.0,1.52,10.62,1.02,0.232,batch_01,0.6243985690243574,0.09,0.22853386371890988,16279.0
RNA_B01_16,17024073.0,88.16,9156978.0,61.0122605711594,55.06,2982247.0,4.17,15.782,0.82,0.511,batch_01,0.5749037124841687,0.1,0.32246234273112045,12584.0
RNA_B01_17,17480242.0,99.43,12273420.0,70.61561014657212,63.2,1793012.0,1.39,1.452,0.93,0.059,batch_01,0.6719249106542564,0.08,0.3089022616307896,12467.0
RNA_B01_18,16896127.0,96.16,10330782.0,63.584546370625304,58.05,2778139.0,1.7,7.136,1.03,0.254,batch_01,0.7168183469811907,0.07,0.4240426191176315,13410.0
RNA_B01_19,21992858.0,97.99,13745109.0,63.78003604845611,57.83,3583503.0,1.5,5.169,0.85,0.172,batch_01,0.5749037124841687,0.1,0.48522415496441046,13884.0
RNA_B01_20,31505960.0,99.54,22073131.0,70.38394204934895,65.86,3251605.0,1.63,1.476,0.86,0.052,batch_01,0.3730253578520104,0.14,0.4009854517050498,14767.0
RNA_B01_21,20637726.0,99.67,13830941.0,67.23964754128284,61.24,1826650.0,0.73,1.503,0.41,0.049,batch_01,0.5749037124841687,0.1,0.18254796864599715,16776.0
RNA_B01_22,18437150.0,99.46,12376192.0,67.49083391925595,60.4,2142791.0,1.97,1.453,1.03,0.055,batch_01,0.4730961202940454,0.12,0.40309297863839477,13245.0
RNA_B01_23,26935623.0,99.52,18349320.0,68.45143898623901,61.83,3245627.0,1.09,2.7,0.81,0.059,batch_01,0.2393502828005165,0.17,0.007074342649812407,21524.0
RNA_B01_24,20324338.0,99.31,15359516.0,76.09710588238347,51.13,1709125.0,0.4,2.463,0.27,0.078,batch_01,0.2808854564089527,0.16,0.0002175688380178737,24789.0
RNA_B02_01,17391923.0,99.19,11997930.0,69.54899032986823,58.76,2822784.0,1.65,2.682,1.26,0.112,batch_02,0.5241976481720823,0.11,0.4651078605372833,13729.0
RNA_B02_02,15196888.0,97.62,8572040.0,57.781754249757896,47.94,2204683.0,0.83,7.315,0.43,0.205,batch_02,0.3256229145575784,0.15,0.1293809875119556,17462.0
RNA_B02_03,15393593.0,96.85,4794797.0,32.16107820120497,42.47,1759777.0,0.33,10.648,0.18,0.217,batch_02,0.08862048250187499,0.22,0.25727909343689714,15997.0
RNA_B02_04,16457028.0,97.6,4934456.0,30.721191468880125,49.27,1742416.0,0.31,8.607,0.17,0.186,batch_02,0.42243415688572034,0.13,0.1982193881452085,16599.0
RNA_B02_05,15785991.0,86.98,8039794.0,58.55360881554534,55.57,2670767.0,5.64,14.699,1.62,0.704,batch_02,0.5241976481720823,0.11,0.1432459032434344,10728.0
RNA_B02_06,15398372.0,96.9,6079035.0,40.74141040292145,43.85,2375838.0,0.55,10.276,0.22,0.226,batch_02,0.5749037124841687,0.1,0.1863695556363561,16732.0
RNA_B02_07,17304812.0,84.95,7344719.0,49.96258684892877,37.91,3581220.0,5.2,24.096,0.59,0.669,batch_02,0.3256229145575784,0.15,0.2622463330951401,15950.0
RNA_B02_08,14188374.0,82.12,6940542.0,59.56783531130275,44.29,2981716.0,5.64,21.413,0.61,0.946,batch_02,0.5241976481720823,0.11,0.2607616086864425,15964.0
RNA_B02_09,18422400.0,99.3,11603123.0,63.42776957374542,61.99,2758466.0,2.27,2.426,1.42,0.091,batch_02,0.6243985690243574,0.09,0.4708114809868765,13773.0
RNA_B02_10,18642543.0,95.91,9319677.0,52.12328952383852,53.6,3414129.0,1.63,9.788,0.94,0.321,batch_02,0.7585346160952503,0.06,0.40237231621044,14756.0
RNA_B02_11,19351483.0,96.83,11386215.0,60.765236914280116,51.99,4112385.0,2.0,9.371,1.21,0.292,batch_02,0.5241976481720823,0.11,0.34718710226843336,15203.0
RNA_B02_12,21692467.0,98.17,14171733.0,66.5480332681944,60.08,3415792.0,1.27,5.385,0.93,0.158,batch_02,0.7168183469811907,0.07,0.2595980811470856,15975.0
RNA_B02_13,20645356.0,96.18,11305084.0,56.93333768355795,52.58,3848925.0,1.24,9.743,0.8,0.278,batch_02,0.6719249106542564,0.08,0.21315692264786645,16438.0
RNA_B02_14,21881539.0,97.2,12879780.0,60.55699495879062,58.32,3623205.0,1.16,7.41,1.01,0.18,batch_02,0.3256229145575784,0.15,0.20844906593577356,16488.0
RNA_B02_15,17735559.0,96.59,9648143.0,56.320523677735245,52.76,3153178.0,1.13,10.359,0.87,0.203,batch_02,0.6719249106542564,0.08,0.10465271003907711,17849.0
RNA_B02_16,20191518.0,95.9,12314029.0,63.59348044607092,54.76,3817681.0,2.3,9.37,1.1,0.233,batch_02,0.5241976481720823,0.11,0.34778923014706387,15198.0
RNA_B02_17,18734785.0,99.48,12625101.0,67.74080776694518,64.52,2805763.0,2.09,2.009,1.39,0.085,batch_02,0.6243985690243574,0.09,0.4790255570121178,14159.0
RNA_B02_18,21030942.0,99.39,4677703.0,22.378513116030454,55.04,823368.0,0.11,2.127,0.0,0.082,batch_02,0.2393502828005165,0.17,0.26927261867499075,12111.0
RNA_B02_19,17523733.0,99.67,8122402.0,46.50433028407237,60.18,1403824.0,0.58,1.829,0.41,0.06,batch_02,0.6243985690243574,0.09,0.2254878483567304,16310.0
RNA_B02_20,17050089.0,99.58,10950670.0,64.49735716073931,59.14,2040999.0,1.16,1.817,0.85,0.066,batch_02,0.7168183469811907,0.07,0.2295213576561822,16269.0
RNA_B02_21,20029512.0,99.15,13990200.0,70.44672959250013,61.77,2571453.0,1.2,2.571,1.08,0.095,batch_02,0.5241976481720823,0.11,0.30026266847714356,15604.0
RNA_B02_22,18791415.0,99.59,12105988.0,64.68819346627183,65.39,2093991.0,1.14,2.032,0.8,0.072,batch_02,0.42243415688572034,0.13,0.15726203880153344,17083.0
RNA_B02_23,20147430.0,99.52,12933967.0,64.50623964193925,65.78,2518242.0,1.58,1.77,1.09,0.063,batch_02,0.7168183469811907,0.07,0.35759625639335657,15117.0
RNA_B02_24,18847142.0,99.83,15225767.0,80.9231175808948,48.88,1091523.0,0.16,0.732,0.14,0.032,batch_02,0.4730961202940454,0.12,0.0002703119478498651,24611.0
RNA_B03_01,20524040.0,99.92,11407694.0,55.62660890336198,72.79,999539.0,1.18,0.317,0.7,0.01,batch_03,0.7168183469811907,0.07,0.4327797926793436,14517.0
RNA_B03_02,19672073.0,99.91,9827260.0,50.000386340835185,70.46,1282310.0,1.69,0.415,1.22,0.013,batch_03,0.5241976481720823,0.11,0.3651673327821734,15055.0
RNA_B03_03,25207262.0,99.66,17276030.0,68.76974141118706,71.19,1982222.0,2.07,0.804,1.25,0.026,batch_03,0.5749037124841687,0.1,0.3656223417010332,12944.0
RNA_B03_04,19634933.0,99.93,7095005.0,36.159914487550026,76.07,486298.0,0.17,0.231,0.17,0.008,batch_03,0.5241976481720823,0.11,0.41236764163625217,14677.0
RNA_B03_05,21915426.0,99.8,16282949.0,74.44792613349448,76.44,1088651.0,0.87,0.431,0.61,0.015,batch_03,0.3256229145575784,0.15,0.34859814494590113,12804.0
RNA_B03_06,21549950.0,99.95,11882042.0,55.164796173524756,70.08,960274.0,0.86,0.244,0.58,0.008,batch_03,0.5749037124841687,0.1,0.2999225950797899,15607.0
RNA_B03_07,19335413.0,99.88,10557758.0,54.66882207810738,67.26,1146767.0,1.62,0.456,0.99,0.013,batch_03,0.7966677253410352,0.05,0.37118850381085644,15006.0
RNA_B03_08,19327127.0,99.9,8288991.0,42.93078991144564,73.62,758638.0,0.57,0.432,0.26,0.015,batch_03,0.7585346160952503,0.06,0.4908511013032358,14068.0
RNA_B03_09,19809043.0,99.92,13451218.0,67.95879836331346,60.81,1302627.0,1.6,0.292,0.96,0.011,batch_03,0.7168183469811907,0.07,0.49068365944232445,13926.0
RNA_B03_10,25694657.0,99.71,16657479.0,65.01712081986238,68.95,2585316.0,3.18,0.835,2.13,0.029,batch_03,0.20141573590856493,0.18,0.40738927826865445,13279.0
RNA_B03_11,23456152.0,99.72,15080391.0,64.47235956281196,67.48,2254550.0,3.03,0.794,2.01,0.028,batch_03,0.42243415688572034,0.13,0.3528272764640435,12839.0
RNA_B03_12,17840319.0,99.95,12337610.0,69.1903653233189,67.88,838289.0,0.73,0.207,0.48,0.008,batch_03,0.3730253578520104,0.14,0.38270246974748934,14913.0
RNA_B03_13,18651593.0,99.93,9932834.0,53.29191911006212,63.75,820537.0,0.42,0.237,0.41,0.009,batch_03,0.5749037124841687,0.1,0.4937116268474882,14046.0
RNA_B03_14,18829521.0,99.85,9929948.0,52.81528562488085,71.52,921209.0,1.25,0.495,0.75,0.015,batch_03,0.4730961202940454,0.12,0.49874582212806823,13988.0
RNA_B03_15,20965819.0,99.92,12510465.0,59.71854180897053,65.81,1161284.0,0.66,0.379,0.52,0.014,batch_03,0.6243985690243574,0.09,0.3189953715795171,15441.0
RNA_B03_16,18717094.0,99.89,9404899.0,50.30297855724556,64.59,862568.0,0.76,0.423,0.62,0.014,batch_03,0.5749037124841687,0.1,0.37205129064311654,14999.0
RNA_B03_17,20675661.0,99.99,7206898.0,34.86040306946505,64.67,483481.0,0.24,0.067,0.23,0.003,batch_03,0.6243985690243574,0.09,0.4797674188460948,13842.0
RNA_B03_18,18887761.0,99.94,4520951.0,23.950245871490388,70.61,416316.0,0.14,0.306,0.14,0.011,batch_03,0.6243985690243574,0.09,0.2341656821083456,11773.0
RNA_B03_19,19414939.0,99.37,12624882.0,65.43890256361075,71.44,1416184.0,2.18,0.815,1.24,0.038,batch_03,0.6719249106542564,0.08,0.03367718675678795,8386.0
RNA_B03_20,19980473.0,98.11,12416942.0,63.34256003187924,66.58,1203329.0,1.03,1.892,0.77,0.106,batch_03,0.6243985690243574,0.09,0.0030740786701165495,5593.0
RNA_B03_21,20371807.0,99.73,13354446.0,65.73104006767063,72.46,1829707.0,2.19,0.632,1.37,0.026,batch_03,0.3256229145575784,0.15,0.2341656821083456,11773.0
RNA_B03_22,24483036.0,99.96,3627319.0,14.821570773343964,59.32,222527.0,0.0,0.203,0.0,0.008,batch_03,0.42243415688572034,0.13,0.4440500349166572,13566.0
RNA_B03_23,19748786.0,99.95,15659702.0,79.33417156823685,54.98,554869.0,0.23,0.154,0.23,0.007,batch_03,0.2393502828005165,0.17,0.007401420781656796,21474.0
RNA_B04_01,21011016.0,99.64,13615220.0,65.03451276596049,57.25,2748175.0,1.18,0.867,0.71,0.028,batch_04,0.6719249106542564,0.08,0.4417702291402304,14447.0
RNA_B04_02,18022310.0,99.0,11024371.0,61.78857362251722,64.07,2108951.0,1.98,1.622,1.27,0.067,batch_04,0.7585346160952503,0.06,0.25326905127706356,11960.0
RNA_B04_03,18983598.0,99.16,8197928.0,43.550089614757354,63.61,1105252.0,0.43,1.455,0.28,0.042,batch_04,0.6719249106542564,0.08,0.35064998366351413,12821.0
RNA_B04_04,19683950.0,99.58,13177707.0,67.22881741001797,69.47,1380949.0,1.24,1.057,0.98,0.029,batch_04,0.5749037124841687,0.1,0.3698340044913645,15017.0
RNA_B04_05,18159785.0,99.66,11781788.0,65.09979463589734,64.38,717239.0,0.51,0.649,0.35,0.02,batch_04,0.5241976481720823,0.11,0.43133316296249996,13467.0
RNA_B04_06,20852312.0,99.78,11051009.0,53.11341411261327,65.61,1175784.0,0.61,0.874,0.54,0.022,batch_04,0.6719249106542564,0.08,0.3874377598502036,14875.0
RNA_B04_07,21213921.0,99.78,13935538.0,65.83537187829019,65.76,1297796.0,1.19,0.917,1.05,0.023,batch_04,0.4730961202940454,0.12,0.22421735839850732,16323.0
RNA_B04_08,21327605.0,99.68,13174703.0,61.97131553989907,66.06,1820346.0,1.82,1.372,0.98,0.031,batch_04,0.2808854564089527,0.16,0.12270011700406364,17561.0
RNA_B04_09,18417197.0,98.54,5528642.0,30.463680870343076,62.98,703212.0,0.11,1.828,0.11,0.083,batch_04,0.3730253578520104,0.14,0.13750406044506014,10649.0
RNA_B04_10,20423091.0,99.52,12733805.0,62.65076165951765,71.34,1493256.0,0.96,1.129,0.65,0.038,batch_04,0.5241976481720823,0.11,0.3974609153405466,14795.0
RNA_B04_11,18112380.0,96.89,2417683.0,13.776689795962605,58.29,325215.0,0.0,3.08,0.0,0.142,batch_04,0.16733351268893087,0.19,0.016205199089838324,7435.0
RNA_B04_12,19164396.0,99.07,7099429.0,37.39263936831393,57.0,562961.0,0.0,1.448,0.0,0.057,batch_04,0.4730961202940454,0.12,0.3160570526118083,12529.0
RNA_B04_13,20189795.0,99.32,13602497.0,67.83440478422268,65.12,1403679.0,0.44,1.26,0.28,0.05,batch_04,0.5241976481720823,0.11,0.24790565248651147,16087.0
RNA_B04_14,22062586.0,99.28,13786364.0,62.94069828877048,62.66,1434914.0,0.58,1.336,0.32,0.047,batch_04,0.7168183469811907,0.07,0.3275410933858943,15368.0
RNA_B04_15,20837014.0,99.58,14004777.0,67.49453232420173,60.58,1163090.0,0.54,1.01,0.2,0.03,batch_04,0.5241976481720823,0.11,0.3290726260529325,15355.0
RNA_B04_16,19074154.0,99.12,13553727.0,71.6889394764613,69.01,1409395.0,0.96,1.589,0.46,0.051,batch_04,0.5749037124841687,0.1,0.454923208476112,14345.0
RNA_B04_17,21364454.0,99.68,11718421.0,55.026167900443276,69.51,989337.0,0.32,0.842,0.11,0.03,batch_04,0.4730961202940454,0.12,0.3405894343878505,15258.0
RNA_B04_18,10395887.0,99.62,2827408.0,27.301115661500106,60.22,344890.0,0.0,1.219,0.0,0.041,batch_04,0.5241976481720823,0.11,0.3897757484629928,13139.0
RNA_B04_19,20170696.0,99.7,8236685.0,40.957780575467865,68.43,820592.0,0.0,0.891,0.0,0.031,batch_04,0.6719249106542564,0.08,0.4317544361085595,14525.0
RNA_B04_20,18674465.0,99.86,8545198.0,45.82288193674612,67.7,641937.0,0.0,0.604,0.0,0.019,batch_04,0.5241976481720823,0.11,0.18194453289545742,16783.0
RNA_B04_21,20171534.0,99.64,13810259.0,68.71146021921813,70.18,1524722.0,0.98,0.902,0.45,0.032,batch_04,0.5241976481720823,0.11,0.34778923014706387,15198.0
RNA_B04_22,19763226.0,98.87,9473720.0,48.48396998111995,65.43,954745.0,0.3,1.637,0.12,0.065,batch_04,0.6719249106542564,0.08,0.27337842880059215,12149.0
RNA_B04_23,21148924.0,99.62,15888194.0,75.41187172389424,70.66,1211816.0,0.57,0.672,0.37,0.026,batch_04,0.3256229145575784,0.15,0.41211386348509815,14679.0
RNA_B04_24,17228299.0,99.79,12150055.0,70.67223415382448,56.02,863741.0,0.59,0.703,0.36,0.02,batch_04,0.5749037124841687,0.1,0.03955599091948085,19384.0
RNA_B05_01,19441188.0,99.55,13556343.0,70.04521688876,66.71,1979329.0,1.04,1.247,0.64,0.057,batch_05,0.6719249106542564,0.08,0.4199608804762661,13378.0
RNA_B05_02,19659897.0,99.74,10506639.0,53.581295321260875,64.32,1392582.0,0.27,1.464,0.25,0.053,batch_05,0.6719249106542564,0.08,0.26416160774259756,15932.0
RNA_B05_03,20021178.0,99.84,5279859.0,26.413632167397942,59.07,520259.0,0.0,1.013,0.0,0.031,batch_05,0.4730961202940454,0.12,0.4838321080647822,14122.0
RNA_B05_04,18553718.0,99.58,13032905.0,70.54043869319678,64.17,2051229.0,1.18,1.315,0.65,0.058,batch_05,0.6243985690243574,0.09,0.42229255399800103,14599.0
RNA_B05_05,17551051.0,99.91,1265644.0,7.217710812276288,51.84,198924.0,0.0,0.692,0.0,0.026,batch_05,0.03129993609776144,0.26,0.18582041150013273,11257.0
RNA_B05_06,19507742.0,99.68,7499002.0,38.56456499525485,60.29,1188286.0,0.26,1.485,0.23,0.052,batch_05,0.7585346160952503,0.06,0.3068713737196338,15546.0
RNA_B05_07,18913928.0,99.82,9817711.0,52.00091036903481,61.7,1582429.0,0.7,1.142,0.44,0.042,batch_05,0.6243985690243574,0.09,0.23972924492854858,16167.0
RNA_B05_08,18230670.0,99.61,12484887.0,68.75100420292779,59.98,2086728.0,1.0,1.642,0.67,0.062,batch_05,0.6719249106542564,0.08,0.16297513585779766,17011.0
RNA_B05_09,21108863.0,99.35,13127200.0,62.594963323431884,57.7,2413919.0,0.84,2.477,0.46,0.078,batch_05,0.5241976481720823,0.11,0.1543005301902418,17121.0
RNA_B05_10,17755383.0,99.63,1044627.0,5.905287843994289,46.86,224496.0,0.0,2.088,0.0,0.058,batch_05,0.041473073143000166,0.25,0.2442808143535008,11873.0
RNA_B05_11,20901802.0,99.56,7948645.0,38.19658038984854,67.79,1162827.0,0.31,1.839,0.2,0.046,batch_05,0.6243985690243574,0.09,0.4243347657803523,14583.0
RNA_B05_12,18688838.0,99.3,7109279.0,38.308399716148244,53.16,1299227.0,0.23,2.926,0.11,0.092,batch_05,0.7966677253410352,0.05,0.47967492821537994,14154.0
RNA_B05_13,19272410.0,99.4,3441612.0,17.965507779812928,49.78,889297.0,0.0,3.15,0.0,0.108,batch_05,0.2393502828005165,0.17,0.2549407883099101,11976.0
RNA_B05_14,19631338.0,99.34,1305425.0,6.69387917986503,42.36,457051.0,0.0,4.062,0.0,0.11,batch_05,0.16733351268893087,0.19,0.17452492479377352,11125.0
RNA_B05_15,18681433.0,99.59,1367563.0,7.3505768624701915,44.99,371195.0,0.0,2.344,0.0,0.081,batch_05,0.42243415688572034,0.13,0.06405794927114025,9330.0
RNA_B05_16,19645216.0,99.31,9970506.0,51.10547262676525,60.13,1817526.0,0.62,2.402,0.28,0.079,batch_05,0.7168183469811907,0.07,0.4383901746744558,13522.0
RNA_B05_17,20415413.0,99.47,10545110.0,51.927907965561,60.9,2021014.0,0.42,2.275,0.38,0.079,batch_05,0.5749037124841687,0.1,0.2950674921155757,15650.0
RNA_B05_18,19134411.0,99.88,10653892.0,55.74612163623184,66.5,1674282.0,0.79,0.756,0.43,0.03,batch_05,0.7966677253410352,0.05,0.4343186744366962,14505.0
RNA_B05_20,18986562.0,99.9,3561293.0,18.775689131385963,60.89,605371.0,0.0,0.709,0.0,0.032,batch_05,0.3730253578520104,0.14,0.2920053332805367,12318.0
RNA_B05_21,18958053.0,99.78,6625171.0,35.0235254259918,59.51,1110444.0,0.29,0.907,0.27,0.041,batch_05,0.42243415688572034,0.13,0.2245797287755179,11676.0
RNA_B05_22,20380415.0,99.24,1272857.0,6.293320309979179,42.69,414130.0,0.0,3.564,0.0,0.11,batch_05,0.4730961202940454,0.12,0.029405140116345374,8201.0
RNA_B05_23,19179102.0,99.84,11052775.0,57.72161689556017,66.73,2038335.0,1.96,0.801,1.41,0.032,batch_05,0.7168183469811907,0.07,0.43299929357586475,13480.0
RNA_B05_24,19513549.0,99.93,14217772.0,72.9120643917126,52.41,1145792.0,0.13,0.364,0.12,0.019,batch_05,0.5749037124841687,0.1,0.0012091127038280152,23303.0
RNA_B06_01,22123944.0,99.32,1449253.0,6.595457811094429,49.89,231209.0,0.0,1.657,0.0,0.046,batch_06,0.6243985690243574,0.09,0.038583542112213425,8576.0
RNA_B06_02,22328924.0,99.28,11627885.0,52.45310044101746,65.13,1429158.0,0.56,1.599,0.41,0.052,batch_06,0.42243415688572034,0.13,0.41055547620109734,13304.0
RNA_B06_03,22934328.0,99.06,8125822.0,35.76703680898759,59.47,1177171.0,0.12,2.532,0.0,0.076,batch_06,0.7966677253410352,0.05,0.4175413859151962,13359.0
RNA_B06_04,22327351.0,99.04,10709387.0,48.430257844415245,58.88,2043064.0,0.98,2.806,0.55,0.08,batch_06,0.8309581702058771,0.04,0.3972094790921897,14797.0
RNA_B06_05,20575503.0,99.36,7098196.0,34.72049781355604,60.28,1131998.0,0.24,1.699,0.21,0.051,batch_06,0.6719249106542564,0.08,0.4284252362387791,14551.0
RNA_B06_06,22346735.0,99.18,7332988.0,33.08588770715808,58.14,1780939.0,0.54,2.456,0.37,0.073,batch_06,0.6243985690243574,0.09,0.4852615675550563,14111.0
RNA_B06_07,21953580.0,99.34,3325180.0,15.247043968082242,52.65,753180.0,0.0,2.612,0.0,0.085,batch_06,0.3730253578520104,0.14,0.3190782823680871,12555.0
RNA_B06_08,20129358.0,99.28,6705714.0,33.554697999109706,60.41,1458471.0,0.57,2.509,0.39,0.073,batch_06,0.6719249106542564,0.08,0.47600182252992135,13813.0
RNA_B06_09,20194289.0,99.3,7953068.0,39.66038083075987,56.99,1759284.0,0.47,2.344,0.29,0.067,batch_06,0.6243985690243574,0.09,0.3054987981092682,15558.0
RNA_B06_10,20370559.0,99.29,6847235.0,33.85374945204731,59.62,1314902.0,0.26,2.513,0.21,0.074,batch_06,0.5241976481720823,0.11,0.39181409492390956,14840.0
RNA_B06_11,21764119.0,98.99,10941134.0,50.784352659329684,57.32,2692586.0,1.35,2.912,0.91,0.086,batch_06,0.5749037124841687,0.1,0.34514275910579223,15220.0
RNA_B06_12,19544562.0,98.12,582077.0,3.035267399247839,0.89,479163.0,0.22,5.211,0.1,0.149,batch_06,6.306928210021575e-22,0.86,1.0273818992726967e-05,933.0
RNA_B06_13,19454752.0,97.11,622690.0,3.295962320353212,1.23,465164.0,0.11,7.043,0.0,0.204,batch_06,1.8146288526756441e-22,0.87,1.2479307022479036e-05,1067.0
RNA_B06_14,18297269.0,98.54,3057186.0,16.955985293293935,47.75,792496.0,0.0,5.132,0.0,0.132,batch_06,0.4730961202940454,0.12,0.43749087227489647,13515.0
RNA_B06_15,21824830.0,99.2,12254394.0,56.601676888500464,60.16,2298683.0,1.7,2.127,0.82,0.061,batch_06,0.5749037124841687,0.1,0.43791323196274556,14477.0
RNA_B06_16,17823548.0,99.26,5061363.0,28.608761357245392,53.54,1025395.0,0.11,2.494,0.0,0.065,batch_06,0.7168183469811907,0.07,0.4612603240367799,14296.0
RNA_B06_17,19858055.0,99.94,3416450.0,17.214682408022316,56.86,503887.0,0.0,0.352,0.0,0.014,batch_06,0.5241976481720823,0.11,0.3316369339957502,12662.0
RNA_B06_18,19883208.0,99.91,5707570.0,28.731336715364375,62.08,973793.0,0.0,0.545,0.0,0.022,batch_06,0.5749037124841687,0.1,0.42353194650931913,13406.0
RNA_B06_19,19444472.0,99.93,6842310.0,35.21362252510871,63.42,901483.0,0.11,0.373,0.1,0.015,batch_06,0.7168183469811907,0.07,0.42957708776557135,14542.0
RNA_B06_20,17640316.0,99.81,1824155.0,10.360514472843043,50.81,385878.0,0.0,1.143,0.0,0.043,batch_06,0.42243415688572034,0.13,0.22136999959940645,11643.0
RNA_B06_21,18789979.0,99.89,2158651.0,11.500960862936772,50.74,380174.0,0.0,0.698,0.0,0.025,batch_06,0.6243985690243574,0.09,0.17544921479216308,11136.0
RNA_B06_22,19321244.0,99.9,2719800.0,14.090824185660727,56.72,441088.0,0.0,0.614,0.0,0.021,batch_06,0.5241976481720823,0.11,0.3921537935801601,13158.0
RNA_B06_23,21558513.0,99.85,6982438.0,32.43696534675945,61.76,1250022.0,0.24,0.825,0.11,0.028,batch_06,0.6719249106542564,0.08,0.4765584687883992,14178.0
RNA_B06_24,23049445.0,99.95,17877489.0,77.60027287471804,52.0,1225864.0,0.14,0.365,0.11,0.015,batch_06,0.42243415688572034,0.13,1.7332326966858798e-08,30919.0
RNA_B07_01,18037188.0,99.86,6683460.0,37.10572824293191,57.72,1244669.0,0.3,0.867,0.27,0.034,batch_07,0.7585346160952503,0.06,0.46782922143104533,13750.0
RNA_B07_02,18837347.0,99.84,2876218.0,15.293169063127353,53.5,471412.0,0.0,1.098,0.0,0.038,batch_07,0.5241976481720823,0.11,0.3127016602391985,12500.0
RNA_B07_03,18761110.0,99.79,5788799.0,30.92024437907179,61.52,1076606.0,0.24,1.304,0.22,0.043,batch_07,0.5749037124841687,0.1,0.48981101910684244,14076.0
RNA_B07_04,17329122.0,99.81,5102312.0,29.499618314244074,47.1,1910759.0,0.54,0.849,0.4,0.035,batch_07,0.6243985690243574,0.09,0.1710243300332756,11083.0
RNA_B07_05,16649853.0,99.72,2276369.0,13.710395701656486,55.56,473154.0,0.0,1.661,0.0,0.056,batch_07,0.13721073096383013,0.2,0.14111960584138133,10699.0
RNA_B07_06,16342673.0,99.78,7934575.0,48.65831650071342,60.28,1518889.0,0.82,1.408,0.54,0.05,batch_07,0.6243985690243574,0.09,0.3220283393004563,15415.0
RNA_B07_07,14615776.0,99.87,1284231.0,8.79804584768895,43.17,231165.0,0.0,1.064,0.0,0.044,batch_07,0.08862048250187499,0.22,0.15999975621198953,10947.0
RNA_B07_08,17332721.0,99.82,7825434.0,45.22974310453846,53.24,1575263.0,0.59,1.263,0.44,0.05,batch_07,0.6719249106542564,0.08,0.3170187932226617,15458.0
RNA_B07_09,17923034.0,99.89,2269745.0,12.677789200845167,57.43,503990.0,0.0,0.823,0.0,0.034,batch_07,0.4730961202940454,0.12,0.25651326998197643,11991.0
RNA_B07_10,19868716.0,99.88,6775969.0,34.144682182373046,51.16,862607.0,0.0,0.767,0.0,0.033,batch_07,0.3730253578520104,0.14,0.4680884791094515,13752.0
RNA_B07_11,16998055.0,99.89,7413905.0,43.66422673772867,55.65,1256778.0,0.29,1.092,0.26,0.046,batch_07,0.5749037124841687,0.1,0.2632030804882632,15941.0
RNA_B07_12,17346339.0,99.92,5016085.0,28.940406853945905,57.76,755109.0,0.0,0.685,0.0,0.028,batch_07,0.42243415688572034,0.13,0.3930670217052248,14830.0
RNA_B07_13,16370873.0,99.89,4725664.0,28.898079868741423,57.77,895376.0,0.26,0.77,0.24,0.031,batch_07,0.6719249106542564,0.08,0.49692517138189124,13974.0
RNA_B07_14,21518532.0,99.9,11747994.0,54.64942382572265,63.4,1932211.0,1.14,0.668,0.66,0.028,batch_07,0.6719249106542564,0.08,0.30973960077523593,15521.0
RNA_B07_15,17623711.0,99.88,10506571.0,59.68773564681926,60.8,1761535.0,1.34,0.867,0.79,0.037,batch_07,0.3730253578520104,0.14,0.3040149205463421,15571.0
RNA_B07_16,15303863.0,99.85,7600086.0,49.73582980246441,62.19,1520558.0,1.27,0.975,0.81,0.041,batch_07,0.7585346160952503,0.06,0.34694635898156545,15205.0
RNA_B07_17,20642325.0,99.95,11124012.0,53.91629474099549,56.13,1242898.0,0.75,0.352,0.3,0.015,batch_07,0.7168183469811907,0.07,0.3214441467695997,15420.0
RNA_B07_18,23453176.0,99.95,12856961.0,54.84712474058171,60.25,1663585.0,0.78,0.354,0.31,0.016,batch_07,0.5749037124841687,0.1,0.32004388762589175,15432.0
RNA_B07_19,18551479.0,99.92,10105161.0,54.514530088307374,65.27,1687999.0,1.62,0.554,1.0,0.024,batch_07,0.7168183469811907,0.07,0.43226705736928744,14521.0
RNA_B07_20,18172128.0,99.95,4934639.0,27.168571307536947,49.95,525525.0,0.0,0.392,0.0,0.017,batch_07,0.3256229145575784,0.15,0.4655338277270424,14263.0
RNA_B07_21,18178906.0,99.95,6050869.0,33.30176165702153,57.5,753337.0,0.0,0.446,0.0,0.019,batch_07,0.4730961202940454,0.12,0.3993480385885986,14780.0
RNA_B07_22,17513678.0,99.95,2760339.0,15.76893134571713,63.0,397799.0,0.0,0.459,0.0,0.018,batch_07,0.7168183469811907,0.07,0.3550093999643342,12857.0
RNA_B07_23,16733815.0,99.95,5325904.0,31.843116970888413,60.71,612908.0,0.11,0.389,0.11,0.015,batch_07,0.7585346160952503,0.06,0.42190987001968416,14602.0
RNA_B07_24,15632025.0,99.96,12141429.0,77.70130558904557,53.31,671325.0,0.14,0.222,0.13,0.012,batch_07,0.42243415688572034,0.13,0.0069345152814002465,21546.0
RNA_B08_01,17197622.0,99.53,7201242.0,42.0712099848508,57.38,1690005.0,0.93,1.504,0.63,0.058,batch_08,0.4730961202940454,0.12,0.15731789195521578,10913.0
RNA_B08_02,18042588.0,99.73,10334488.0,57.43337186429104,60.02,2710872.0,2.6,1.145,1.68,0.047,batch_08,0.42243415688572034,0.13,0.38353763506965577,13089.0
RNA_B08_03,18917047.0,99.86,11525242.0,61.010579293607094,62.38,2053626.0,1.7,0.718,1.06,0.032,batch_08,0.3730253578520104,0.14,0.3990962851783737,14782.0
RNA_B08_04,18253077.0,99.75,9542541.0,52.410106760943066,54.2,1695096.0,0.89,0.999,0.57,0.043,batch_08,0.5241976481720823,0.11,0.4501083961696327,13613.0
RNA_B08_05,19387448.0,99.72,10656220.0,55.118864511445615,56.95,2366058.0,1.53,1.144,0.82,0.051,batch_08,0.5749037124841687,0.1,0.40852842420558744,13288.0
RNA_B08_06,17523011.0,99.78,5264301.0,30.10845566207034,50.43,928934.0,0.13,1.137,0.12,0.042,batch_08,0.16733351268893087,0.19,0.39742472113162464,13200.0
RNA_B08_07,21405449.0,99.63,11988695.0,56.21567623390258,52.54,3661343.0,2.71,1.526,1.59,0.057,batch_08,0.7966677253410352,0.05,0.3087874441793629,12466.0
RNA_B08_08,17603873.0,99.66,10347884.0,58.98240026634943,59.49,2845549.0,3.3,1.48,2.24,0.057,batch_08,0.6719249106542564,0.08,0.49891330812199136,14006.0
RNA_B08_09,17932698.0,99.44,9329609.0,52.31866969818889,51.88,1896645.0,0.88,1.869,0.57,0.079,batch_08,0.20141573590856493,0.18,0.3897757484629928,13139.0
RNA_B08_10,18802250.0,99.85,9070383.0,48.31341468983914,59.03,1422122.0,0.78,0.788,0.48,0.03,batch_08,0.7585346160952503,0.06,0.45776712287126164,14323.0
RNA_B08_11,18570136.0,99.7,10652971.0,57.53876050361023,60.36,2163439.0,1.54,1.388,0.83,0.055,batch_08,0.7168183469811907,0.07,0.472405451731354,14210.0
RNA_B08_12,18786177.0,99.67,11084750.0,59.20018100329342,59.8,2596299.0,2.43,1.034,1.75,0.048,batch_08,0.6719249106542564,0.08,0.41588773328748563,13346.0
RNA_B08_13,19517962.0,99.64,8924811.0,45.89135076219015,54.01,1898850.0,0.94,1.371,0.62,0.06,batch_08,0.6719249106542564,0.08,0.40612447890524955,13269.0
RNA_B08_14,19599789.0,99.63,7673201.0,39.2947968977409,59.33,1726470.0,0.73,2.002,0.56,0.07,batch_08,0.6243985690243574,0.09,0.4081850643835173,14710.0
RNA_B08_15,19153676.0,99.52,8710727.0,45.69744289677407,56.21,2036568.0,0.9,1.97,0.68,0.073,batch_08,0.4730961202940454,0.12,0.34438774681398676,12769.0
RNA_B08_16,17211042.0,99.51,1705321.0,9.957085801513031,48.16,368167.0,0.0,1.856,0.0,0.068,batch_08,0.4730961202940454,0.12,0.07782319485013689,9642.0
RNA_B08_17,19005472.0,99.75,9777072.0,51.57238894066732,60.12,1779757.0,1.11,1.091,0.76,0.042,batch_08,0.7585346160952503,0.06,0.37587987634969977,14968.0
RNA_B08_18,17756670.0,99.73,10484150.0,59.20329567070686,54.62,2530642.0,2.56,0.837,1.78,0.039,batch_08,0.6719249106542564,0.08,0.2920053332805367,12318.0
RNA_B08_19,17847446.0,99.47,3265602.0,18.394799514303926,47.91,688220.0,0.11,1.71,0.0,0.073,batch_08,0.13721073096383013,0.2,0.03924277888355155,8600.0
RNA_B08_20,16711848.0,99.16,5229977.0,31.560130035077766,43.39,1350838.0,0.48,1.965,0.35,0.082,batch_08,0.11102067816172984,0.21,0.036922205705871194,8514.0
RNA_B08_21,16665831.0,99.61,9299272.0,56.01689562620904,55.74,1796058.0,1.04,1.192,0.78,0.053,batch_08,0.6243985690243574,0.09,0.24684590611298574,11898.0
RNA_B08_22,19693512.0,99.66,9319970.0,47.48653264290804,57.96,2271092.0,1.7,1.241,0.89,0.054,batch_08,0.6719249106542564,0.08,0.3894006420358054,13136.0
RNA_B08_23,18849614.0,99.67,5045794.0,26.85731522580638,53.58,1122960.0,0.25,1.374,0.24,0.054,batch_08,0.7585346160952503,0.06,0.2544177509456689,11971.0
RNA_B08_24,18426047.0,99.56,5767072.0,31.43679846657988,59.59,1225016.0,0.49,1.466,0.34,0.062,batch_08,0.3256229145575784,0.15,0.32574373296119497,12612.0
RNA_B08_25,16434224.0,99.85,11939557.0,72.7597070592429,48.69,1367136.0,1.14,0.664,0.69,0.029,batch_08,0.6719249106542564,0.08,0.0011883768794282968,23319.0
RNA_B09_01,19606700.0,99.82,10441922.0,53.352942373955756,59.23,1726189.0,0.92,0.695,0.57,0.031,batch_09,0.7585346160952503,0.06,0.49852316462461665,14009.0
RNA_B09_02,20116443.0,99.75,4891744.0,24.37808716990903,57.88,1084331.0,0.33,1.267,0.2,0.045,batch_09,0.6719249106542564,0.08,0.2770781374100274,12183.0
RNA_B09_03,19827104.0,99.66,7784619.0,39.396459522309165,57.06,1332638.0,0.55,1.231,0.38,0.056,batch_09,0.6719249106542564,0.08,0.30364013717582006,12421.0
RNA_B09_04,18562098.0,99.7,10098559.0,54.56789333572389,56.51,2555207.0,2.72,1.333,1.92,0.054,batch_09,0.7585346160952503,0.06,0.49510458467651397,13960.0
RNA_B09_05,17996923.0,99.69,10175507.0,56.71607953428179,60.66,2640470.0,2.54,1.115,1.85,0.053,batch_09,0.7168183469811907,0.07,0.3521009722773958,12833.0
RNA_B09_06,18738791.0,99.73,10257025.0,54.88504537804946,50.49,3039037.0,4.08,1.032,2.95,0.044,batch_09,0.6243985690243574,0.09,0.31803109799956786,12546.0
RNA_B09_07,20209578.0,99.84,6314683.0,31.296065085054583,59.86,982613.0,0.16,0.876,0.15,0.033,batch_09,0.42243415688572034,0.13,0.49462186889640264,14039.0
RNA_B09_08,22238416.0,99.78,8633947.0,38.91007148998584,60.01,1921426.0,0.74,1.21,0.54,0.048,batch_09,0.7168183469811907,0.07,0.4117332651903364,14682.0
RNA_B09_09,19597980.0,99.83,9519849.0,48.658383682983015,57.09,1611219.0,1.58,0.606,1.07,0.021,batch_09,0.4730961202940454,0.12,0.3285671513941694,12636.0
RNA_B09_10,22619659.0,99.91,10153638.0,44.92899077769232,58.86,2130557.0,1.88,0.447,1.19,0.017,batch_09,0.6243985690243574,0.09,0.4755199580732643,14186.0
RNA_B09_11,20617942.0,99.84,4174182.0,20.27783080498902,58.58,548412.0,0.0,0.371,0.0,0.019,batch_09,0.42243415688572034,0.13,0.08719119943451453,9831.0
RNA_B09_12,20562695.0,99.9,10606065.0,51.63078906574105,63.75,1526883.0,1.17,0.376,0.69,0.016,batch_09,0.6719249106542564,0.08,0.4702927048098873,13769.0
RNA_B09_13,20775347.0,99.88,9609501.0,46.30991846011818,61.58,1573800.0,1.35,0.523,1.02,0.018,batch_09,0.6243985690243574,0.09,0.270673750995036,12124.0
RNA_B09_14,21658340.0,99.89,13848471.0,64.01100496715134,61.7,1636961.0,1.69,0.322,1.28,0.014,batch_09,0.5749037124841687,0.1,0.4109358163296896,13307.0
RNA_B09_15,24636881.0,99.91,14971834.0,60.82474802191819,70.86,2045942.0,2.11,0.281,1.45,0.012,batch_09,0.3730253578520104,0.14,0.4136005228735183,13328.0
RNA_B09_16,21180992.0,99.69,9369095.0,44.37105453552697,63.71,2562997.0,3.1,0.867,2.01,0.038,batch_09,0.4730961202940454,0.12,0.31385695837540983,12510.0
RNA_B09_17,21550842.0,99.78,11878604.0,55.24050776301738,57.22,2264764.0,1.91,0.914,1.25,0.04,batch_09,0.5241976481720823,0.11,0.4220374231717136,14601.0
RNA_B09_18,20069290.0,99.75,11046747.0,55.18099087066243,60.05,2198298.0,2.37,0.996,1.82,0.038,batch_09,0.7585346160952503,0.06,0.49887587005862427,13989.0
RNA_B09_19,19309388.0,99.62,11202240.0,58.23577054528938,57.89,2857300.0,3.21,1.035,2.08,0.049,batch_09,0.42243415688572034,0.13,0.27121361581816095,12129.0
RNA_B09_20,18554051.0,99.8,8475347.0,45.770768137517,62.18,1753055.0,1.55,0.726,0.83,0.032,batch_09,0.7585346160952503,0.06,0.41868707907869956,13368.0
RNA_B09_21,19700396.0,99.86,5363767.0,27.264867170802717,50.96,880421.0,0.15,0.854,0.14,0.035,batch_09,0.2393502828005165,0.17,0.32765880103508116,15367.0
RNA_B09_22,19771863.0,99.72,10055335.0,50.99958963493176,59.34,2199133.0,1.79,1.041,1.15,0.041,batch_09,0.6719249106542564,0.08,0.49228131445799084,14057.0
RNA_B09_23,19713496.0,99.72,10036452.0,51.05453123242323,61.91,2109477.0,2.14,0.977,1.52,0.036,batch_09,0.7585346160952503,0.06,0.46229593319520157,14288.0
RNA_B09_24,17469022.0,99.85,12671423.0,72.6455017804205,48.68,1450049.0,1.13,0.655,0.68,0.028,batch_09,0.6243985690243574,0.09,0.0010683156521635153,23417.0
RNA_B10_01,20793459.0,99.73,12528695.0,60.41618211744608,68.36,2129699.0,1.69,0.941,1.16,0.04,batch_10,0.3256229145575784,0.15,0.4608720379388519,14299.0
RNA_B10_02,20601094.0,99.74,10845263.0,52.78134349996712,66.23,1648785.0,1.4,0.802,0.83,0.035,batch_10,0.6719249106542564,0.08,0.2772965280926699,12185.0
RNA_B10_03,18916272.0,98.92,10660283.0,56.97037475096022,66.35,2088193.0,1.8,1.474,1.36,0.103,batch_10,0.4730961202940454,0.12,0.05796353716013944,9175.0
RNA_B10_04,19429851.0,99.56,11455489.0,59.21875525449999,64.86,1922156.0,1.94,0.871,1.65,0.048,batch_10,0.5241976481720823,0.11,0.2584068958386242,12009.0
RNA_B10_05,19341636.0,98.49,12749524.0,66.92812024973075,61.71,2026345.0,1.25,2.12,0.82,0.155,batch_10,0.3730253578520104,0.14,0.2186672852520914,11615.0
RNA_B10_06,18637367.0,99.73,10287989.0,55.350317310307425,65.55,1766788.0,1.6,0.886,1.02,0.039,batch_10,0.7168183469811907,0.07,0.4597995435579951,13688.0
RNA_B10_07,17476201.0,99.29,11812620.0,68.07594702231532,54.43,1415221.0,1.16,1.352,0.47,0.068,batch_10,0.6719249106542564,0.08,0.29548519480611485,12349.0
RNA_B10_08,16985662.0,99.51,11612591.0,68.70366834773364,54.18,1538915.0,1.0,0.853,0.68,0.056,batch_10,0.7168183469811907,0.07,0.38416011934770755,13094.0
RNA_B10_09,16865522.0,99.42,10062454.0,60.01093063654767,54.52,2094328.0,1.05,1.716,0.86,0.075,batch_10,0.4730961202940454,0.12,0.39871873377608386,14785.0
RNA_B10_10,18906630.0,99.07,11846816.0,63.24778999979091,60.09,2331295.0,1.62,1.949,1.18,0.083,batch_10,0.6243985690243574,0.09,0.4944543978787547,13955.0
RNA_B10_11,19260050.0,99.06,11027358.0,57.79838987236773,61.15,1312536.0,0.28,1.744,0.26,0.066,batch_10,0.7585346160952503,0.06,0.4238240201012718,14587.0
RNA_B10_12,16162460.0,95.39,9484353.0,61.51731867748602,61.88,1816275.0,1.24,4.371,0.99,0.259,batch_10,0.2393502828005165,0.17,0.16838757332284626,11051.0
RNA_B10_13,15852160.0,94.48,8514813.0,56.852135546591064,64.39,1841195.0,1.37,5.414,1.0,0.401,batch_10,0.6719249106542564,0.08,0.08357784531034246,9760.0
RNA_B10_14,19787887.0,98.4,9887103.0,50.77787690236468,62.43,1919607.0,0.98,3.088,0.47,0.116,batch_10,0.7966677253410352,0.05,0.37226241659828563,12998.0
RNA_B10_15,20272024.0,99.35,12160538.0,60.37926277695602,66.03,2363178.0,1.82,1.761,1.35,0.056,batch_10,0.5241976481720823,0.11,0.34502264353874995,15221.0
RNA_B10_16,19360118.0,99.83,11591729.0,59.97622791578003,67.27,2016069.0,2.13,0.753,1.43,0.029,batch_10,0.4730961202940454,0.12,0.3192282503970971,15439.0
RNA_B10_17,22147123.0,99.45,14120593.0,64.1107459950649,57.67,3380132.0,1.35,2.77,0.65,0.084,batch_10,0.6719249106542564,0.08,0.030903747052621923,19727.0
RNA_B10_18,18411849.0,98.57,9726989.0,53.596479479361925,60.69,2248626.0,1.14,3.613,0.48,0.126,batch_10,0.7966677253410352,0.05,0.3379638267904116,15280.0
RNA_B10_19,18507472.0,98.02,12629000.0,69.61569513456938,52.66,1956581.0,0.8,3.205,0.3,0.172,batch_10,0.5241976481720823,0.11,0.34887402746842017,15189.0
RNA_B10_20,21999723.0,99.5,15179536.0,69.3454871017098,54.69,2349545.0,0.91,2.119,0.42,0.064,batch_10,0.6719249106542564,0.08,0.009059707467896376,21247.0
RNA_B10_21,15156712.0,92.79,8012845.0,56.97450605020467,53.38,1884351.0,2.97,7.366,0.52,0.63,batch_10,0.13721073096383013,0.2,0.13136488325926937,10562.0
RNA_B10_22,17439521.0,98.11,10011311.0,58.51175504991001,56.48,2845016.0,2.68,4.272,1.83,0.133,batch_10,0.5749037124841687,0.1,0.3753851690569033,14972.0
RNA_B10_23,15971338.0,94.4,8529909.0,56.575852009690465,58.2,1603557.0,2.26,6.117,0.4,0.389,batch_10,0.3256229145575784,0.15,0.11103974289642404,10252.0
RNA_B10_24,17283941.0,99.96,12901650.0,74.67517231799181,54.3,589156.0,0.74,0.138,0.56,0.007,batch_10,0.6719249106542564,0.08,0.08244605801221921,18258.0
RNA_B11_01,14483315.0,89.76,3795508.0,29.195713344112015,59.74,844284.0,3.27,10.516,0.0,0.901,batch_11,0.3256229145575784,0.15,0.009097329035283767,6753.0
RNA_B11_02,19240007.0,99.5,7933192.0,41.439991609317815,56.09,1028735.0,0.12,1.641,0.11,0.072,batch_11,0.42243415688572034,0.13,0.42480886696956044,13416.0
RNA_B11_03,17618597.0,99.67,12248076.0,69.74805357069057,64.96,1885775.0,1.07,1.059,0.7,0.055,batch_11,0.5749037124841687,0.1,0.44447343852580007,14426.0
RNA_B11_04,18898641.0,99.39,10313620.0,54.90828259642425,66.33,1673395.0,0.99,1.458,0.57,0.079,batch_11,0.7966677253410352,0.05,0.2524353493069808,11952.0
RNA_B11_05,16252007.0,99.81,11113870.0,68.5147782082905,66.46,1793076.0,1.47,0.747,1.04,0.036,batch_11,0.4730961202940454,0.12,0.41745076316846164,14637.0
RNA_B11_06,19581963.0,99.5,9807225.0,50.33462445868396,58.3,1522912.0,0.39,2.186,0.25,0.066,batch_11,0.6243985690243574,0.09,0.42139973945631326,14606.0
RNA_B11_07,20102526.0,99.57,13656227.0,68.22626355609154,62.24,2191698.0,1.15,1.272,0.69,0.065,batch_11,0.5241976481720823,0.11,0.48106633622203093,13852.0
RNA_B11_08,19549367.0,99.9,12375244.0,63.365896356805976,63.81,1436186.0,0.78,0.6,0.4,0.028,batch_11,0.6719249106542564,0.08,0.25423877961127295,16026.0
RNA_B11_09,19410647.0,99.71,11265066.0,58.204292243055214,50.98,1307288.0,0.3,1.039,0.27,0.055,batch_11,0.5241976481720823,0.11,0.4012375166503554,14765.0
RNA_B11_10,18355006.0,99.54,4185611.0,22.90902976235552,43.92,396671.0,0.0,1.182,0.0,0.054,batch_11,0.2393502828005165,0.17,0.09177632423775955,9918.0
RNA_B11_11,19786204.0,99.85,13238002.0,67.0057219325641,57.87,2202802.0,0.92,0.442,0.68,0.023,batch_11,0.7585346160952503,0.06,0.37340839589261043,14988.0
RNA_B11_12,17364191.0,99.91,12268782.0,70.71929726219562,67.83,1660665.0,1.53,0.43,0.91,0.02,batch_11,0.3730253578520104,0.14,0.25654349826131095,16004.0
RNA_B11_13,18621014.0,99.76,12518059.0,67.38717139187912,67.58,1460716.0,0.83,0.491,0.4,0.03,batch_11,0.4730961202940454,0.12,0.3879012498589739,13124.0
RNA_B11_14,20808156.0,99.87,12734677.0,61.2800751288035,65.76,1586232.0,0.64,0.467,0.37,0.028,batch_11,0.5749037124841687,0.1,0.40401292229148295,14743.0
RNA_B11_15,21578269.0,99.88,9538865.0,44.25899681975678,61.73,1459467.0,0.49,0.405,0.25,0.021,batch_11,0.7168183469811907,0.07,0.39767619386505315,13202.0
RNA_B11_16,20475137.0,99.89,13988444.0,68.39440553221384,67.47,1600584.0,0.89,0.378,0.53,0.019,batch_11,0.3256229145575784,0.15,0.3526199681638444,15158.0
RNA_B11_17,16451579.0,99.1,8542164.0,52.39461619505144,60.59,1095721.0,0.36,0.974,0.13,0.089,batch_11,0.42243415688572034,0.13,0.06980564314864565,9466.0
RNA_B11_18,17816674.0,99.87,12960819.0,72.84013838383132,62.2,696677.0,0.51,0.226,0.34,0.011,batch_11,0.6243985690243574,0.09,0.3047806707366587,12431.0
RNA_B11_19,14858711.0,99.92,7272909.0,48.9862948783947,54.13,275143.0,0.1,0.217,0.0,0.009,batch_11,0.7585346160952503,0.06,0.39767619386505315,13202.0
RNA_B11_20,18643287.0,98.93,12004354.0,65.0861075688733,67.01,1369732.0,1.98,1.535,1.42,0.053,batch_11,0.42243415688572034,0.13,0.1607146368447564,10956.0
RNA_B11_21,18831137.0,99.9,9619636.0,51.134805430310784,68.29,744400.0,0.48,0.296,0.35,0.013,batch_11,0.7168183469811907,0.07,0.19692500372723948,11382.0
RNA_B11_22,17879879.0,99.79,9333764.0,52.31246896537239,72.27,763953.0,1.16,0.437,0.81,0.019,batch_11,0.4730961202940454,0.12,0.1251487825328665,10471.0
RNA_B11_23,20690559.0,99.79,12293651.0,59.54175523335064,62.75,1042760.0,0.47,0.39,0.22,0.02,batch_11,0.7168183469811907,0.07,0.3030705858165078,12416.0
RNA_B11_24,16328618.0,99.95,12736145.0,78.03793473598968,51.0,471964.0,0.44,0.122,0.3,0.006,batch_11,0.5749037124841687,0.1,0.03383092216797157,19603.0
Batch_Mean,19131729.04942966,98.65102661596957,9380699.988593156,49.419119608803285,58.54844106463879,1614635.2319391635,1.1438022813688213,2.7647566539923956,0.6049049429657795,0.1030190114068441,batch_01,0.7168183469811907,0.07,0.4999536948492182,13998.0
