Xaxis,HL10_AM,HL15_AM,HL16_AM,HL18_AM,HL19_AM,HL20_AM,HL21_AM,HL23_AM,HL24_AM,HL26_AM,HL27_AM,HL28_AM,HL29_AM,HL30_AM,HL31_AM,HL32_AM,HL33_AM,HL34_AM,HL35A_AM,HL35B_AM,HL36_AM,HL37_AM,HL38_AM,HL39_AM,HL40_AM,HL41_AM,HL42_AM,HL43_AM,HL44_AM,HL45_AM,HL46_AM,HL47_AM,HL48_AM,HL49_AM,HL51_AM,HL53_AM,HL54_AM
1,0,0,0,0,0,0,0,0,0,0,0,0,0,0,0,0,0,0,0,0,0,0,0,0,0,0,0,0,0,0,0,0,0,0,0,0,0
2,0.143194707,0.142479462,0.128428928,0.143938367,0.135818257,0.129100627,0.149085181,0.125888974,0.150972822,0.157134953,0.116166017,0.135819734,0.168149321,0.168149321,0.158788941,0.089630085,0.127406721,0.143092851,0.153566026,0.14022273,0.13354482,0.150302535,0.128504979,0.141520984,0.135366878,0.138924962,0.125428041,0.085479367,0.130705765,0.145721195,0.12444433,0.138137009,0.119666529,0.150776617,0.147090749,0.205515296,0.19772242
3,0.216041048,0.250463032,0.225811733,0.234403128,0.232147075,0.230103514,0.247467053,0.220333255,0.252748245,0.256004884,0.204222226,0.242139308,0.238663058,0.238663058,0.22871621,0.245035352,0.211954718,0.221122898,0.237244214,0.224545462,0.220669036,0.242578712,0.219738164,0.244214365,0.240311329,0.228094305,0.213376343,0.052228772,0.22928259,0.229184544,0.21401298,0.23759132,0.20667849,0.249413099,0.23880416,0.321967734,0.31823212
4,0.325020254,0.358700523,0.330008313,0.33983082,0.353759561,0.349044723,0.341544765,0.322175855,0.371826204,0.379918218,0.308320043,0.353371338,0.36358901,0.36358901,0.362464375,0.386074393,0.306659011,0.340082265,0.353400497,0.341482802,0.340942676,0.381839603,0.330549004,0.37261071,0.354015954,0.347315357,0.340919094,0.102544213,0.33005604,0.361156616,0.327453431,0.35977841,0.290201688,0.363285162,0.375598072,0.440263701,0.43554127
5,0.415352417,0.430074683,0.3992292,0.402024738,0.429048523,0.408542204,0.38917156,0.385667685,0.412303391,0.452021342,0.356395543,0.400060007,0.404723726,0.404723726,0.415964801,0.389117737,0.343243798,0.401955544,0.40784269,0.406302032,0.398146827,0.424863534,0.375966326,0.40221684,0.390534169,0.39344659,0.399025301,0.170726032,0.372374141,0.413039239,0.372993682,0.404733977,0.336999016,0.411058648,0.41989024,0.458567314,0.477143841
6,0.521860654,0.540014937,0.520441321,0.52535762,0.547744915,0.514720789,0.474544809,0.513400729,0.502139637,0.553657621,0.475827976,0.536052644,0.508135022,0.508135022,0.498087405,0.531847525,0.446397623,0.529600409,0.499648963,0.516930646,0.520896689,0.531461286,0.501086434,0.500184298,0.524512337,0.512201313,0.535407967,0.197460958,0.466180586,0.526152586,0.4952862,0.506719111,0.422509321,0.507273334,0.512573906,0.560067624,0.554567788
7,0.545490143,0.578648245,0.566059598,0.569423743,0.592846612,0.554283389,0.509281309,0.55037763,0.545360315,0.591667886,0.508996344,0.577096566,0.555765499,0.555765499,0.536153565,0.699344195,0.465066664,0.560908869,0.532954708,0.554163843,0.568116074,0.572655797,0.540077961,0.545376757,0.565543857,0.541090149,0.574272465,0.151928845,0.503192383,0.561250228,0.537880057,0.552242041,0.453053801,0.541994563,0.560546982,0.600009345,0.585921249
8,0.593086686,0.62201643,0.621413638,0.625220185,0.651347675,0.60031177,0.56329039,0.602099741,0.597320223,0.65013005,0.553657454,0.628306118,0.604044531,0.604044531,0.592666547,0.56786556,0.50925287,0.613550539,0.592265761,0.613176368,0.61892427,0.625643849,0.585074904,0.591207677,0.610378181,0.587410276,0.630752386,0.15257524,0.554680729,0.614699535,0.593930257,0.605810054,0.500699047,0.596651882,0.632103332,0.655544606,0.647572035
9,0.623521469,0.65064227,0.647031411,0.656317144,0.684345142,0.634491338,0.584145602,0.640024392,0.629837958,0.6869829,0.58582836,0.675569433,0.633592074,0.633592074,0.641964488,0.552320935,0.556820995,0.655856756,0.637626645,0.652409281,0.65975911,0.662315134,0.619131071,0.622505397,0.638257331,0.621865555,0.673427654,0.153893888,0.592102739,0.649771173,0.627848145,0.636046052,0.531748395,0.622623912,0.673133016,0.690852016,0.676115257
10,0.601282744,0.63188947,0.632031034,0.630146532,0.653571399,0.618403674,0.560280436,0.615588633,0.613091729,0.639579769,0.569008511,0.646298114,0.605423348,0.605423348,0.618438695,0.466205554,0.536745455,0.619029083,0.620605611,0.627509057,0.649962628,0.648585604,0.599973795,0.603739929,0.598977845,0.59689625,0.652913898,0.120126176,0.571069399,0.622500455,0.610234208,0.611203193,0.520939053,0.599661903,0.648991844,0.654032402,0.641726553
11,0.582392655,0.618864824,0.626967934,0.622190821,0.64338951,0.619486423,0.554260527,0.616653932,0.618169802,0.639408065,0.569989532,0.652990445,0.597896027,0.597896027,0.60851874,0.483102777,0.551031696,0.608600676,0.624487,0.622739861,0.648844335,0.640231845,0.598876441,0.598243905,0.59307583,0.598454618,0.651411059,0.131399317,0.569653502,0.627519047,0.615267989,0.618011551,0.52535988,0.60079596,0.637239623,0.673525389,0.666614625
12,0.582959762,0.606116505,0.626841986,0.640589613,0.64083182,0.625161261,0.545755743,0.608168273,0.641525134,0.651885251,0.587932896,0.652792116,0.607956286,0.607956286,0.616656702,0.477026335,0.552322304,0.606625379,0.635674534,0.619234084,0.652592901,0.658697737,0.599831848,0.606813754,0.608553481,0.625224311,0.668318001,0.157203434,0.574033518,0.627655563,0.646093451,0.620752744,0.531385926,0.635692066,0.660616719,0.673737777,0.626013087
13,0.606116662,0.63253174,0.647157359,0.661195099,0.663036484,0.65143138,0.58682276,0.62958446,0.68172179,0.685952673,0.614097105,0.688287913,0.642104994,0.642104994,0.642869996,0.576175838,0.579577839,0.629509778,0.671805702,0.644335116,0.669310252,0.68319065,0.623553241,0.640040019,0.645152435,0.653953768,0.699818586,0.172691075,0.599585817,0.656128923,0.660967156,0.647355067,0.550778014,0.658468599,0.690991783,0.695341902,0.637221903
14,0.594234405,0.615332338,0.62297539,0.641538104,0.631203825,0.625537535,0.577689361,0.612275185,0.659326918,0.652279535,0.589297556,0.654546564,0.616796037,0.616796037,0.624069097,0.578829798,0.551858739,0.588807037,0.636473644,0.62781027,0.644987362,0.658306987,0.6030038,0.62299247,0.608989472,0.619374528,0.669804738,0.100268901,0.599294698,0.62813662,0.642056119,0.637671643,0.54526978,0.643036942,0.660774385,0.681867996,0.609987372
15,0.592506076,0.617266617,0.618605003,0.636127833,0.619148468,0.622796105,0.574745966,0.597787116,0.64510546,0.637328534,0.585718748,0.635827362,0.607491574,0.607491574,0.609012126,0.503873348,0.552216949,0.577187642,0.625554382,0.611201754,0.630398192,0.637632766,0.602719907,0.615732452,0.585672071,0.604457877,0.660615949,0.084677836,0.588615928,0.607314663,0.633543361,0.62142848,0.538693558,0.637080492,0.639768351,0.670059214,0.612494547
16,0.648015123,0.662240478,0.65860601,0.701931825,0.671817345,0.676288549,0.620901063,0.652036558,0.686999563,0.68939948,0.621906907,0.690464446,0.65987131,0.65987131,0.667597328,0.532083205,0.596418958,0.663560415,0.686594937,0.671159751,0.700690946,0.696168283,0.641176406,0.67774867,0.645354282,0.654136759,0.718384018,0.105698624,0.632363158,0.673264945,0.672589519,0.675818852,0.588410056,0.682559366,0.704593554,0.717392043,0.642222477
17,0.670712935,0.692023898,0.683291771,0.718859488,0.699756449,0.693581828,0.640033132,0.69099712,0.701016566,0.717654391,0.650126327,0.727963874,0.684827903,0.684827903,0.688011888,0.555179834,0.628057292,0.684283606,0.702246069,0.695181439,0.718834692,0.719382378,0.662342767,0.691906693,0.670996964,0.673899698,0.740588469,0.18114593,0.654388948,0.701549783,0.699738432,0.69496258,0.618689157,0.705129224,0.719450593,0.756033948,0.661788543
18,0.685025655,0.706101568,0.703115948,0.751495325,0.709058623,0.718577221,0.654446893,0.699592982,0.718794576,0.72338423,0.659350115,0.748869779,0.702303136,0.702303136,0.702279442,0.589835024,0.642696475,0.688972032,0.71718371,0.712266874,0.735603394,0.738617929,0.679288959,0.7073548,0.674000452,0.686402059,0.752970791,0.127908781,0.670532814,0.721305614,0.716776834,0.724057476,0.640650891,0.730316953,0.734865529,0.773874555,0.685854667
19,0.794247907,0.815952203,0.821393486,0.888832969,0.834727573,0.815556272,0.750181189,0.787153227,0.815149584,0.83590148,0.736127324,0.829401504,0.810734348,0.810734348,0.832196611,0.61223486,0.712779127,0.789009214,0.826479066,0.830132952,0.852767492,0.842012717,0.766847921,0.824647201,0.78491151,0.770725113,0.858813616,0.174759541,0.754646324,0.815982786,0.791970003,0.809257583,0.720387583,0.812530802,0.85909463,0.852398712,0.762268396
20,0.84994599,0.897976102,0.872074863,0.969115968,0.915302972,0.866361039,0.815963851,0.84321735,0.868469351,0.89506954,0.799477154,0.883372406,0.862874068,0.862874068,0.89333581,0.632677528,0.761658932,0.850202758,0.884574331,0.90453241,0.928805765,0.898020201,0.839311452,0.894818598,0.842849761,0.808072818,0.904784396,0.203614645,0.810137554,0.874782224,0.822615075,0.857266712,0.777249896,0.848195312,0.921124284,0.885123482,0.804463322
21,0.851444775,0.885070948,0.865361848,0.941300014,0.90850147,0.860732277,0.802740759,0.836810862,0.875320946,0.909950587,0.805165979,0.89643669,0.900229803,0.900229803,0.925638064,0.667927042,0.775903031,0.901362955,0.9154485,0.904339968,0.947240496,0.909351947,0.850028389,0.897339529,0.842413771,0.812039573,0.929838874,0.273270245,0.798869929,0.892912864,0.832240247,0.857655579,0.75589012,0.85559848,0.943033868,0.917801527,0.822977844
22,0.822360248,0.856318148,0.839404015,0.911267687,0.873345443,0.845773437,0.796225355,0.808760433,0.838015177,0.858286645,0.78172561,0.864622692,0.824716576,0.824716576,0.837687704,0.652812788,0.716761575,0.813444802,0.843443021,0.857359204,0.878762117,0.852012362,0.817724712,0.852324785,0.813646493,0.777383595,0.877990919,0.211629951,0.779272335,0.840555686,0.795247115,0.824060026,0.741689105,0.826738314,0.871083351,0.851689336,0.75701986
23,0.729935188,0.773577296,0.750925716,0.815895937,0.781097526,0.764559528,0.728830481,0.728392794,0.785765229,0.785623891,0.72168056,0.798162152,0.749591462,0.749591462,0.763900417,0.610349421,0.65526015,0.739748789,0.774793801,0.772024064,0.800704069,0.78216286,0.758789745,0.788801274,0.731163609,0.712811674,0.806284015,0.175716206,0.700491594,0.769001742,0.733110851,0.745088164,0.658062345,0.76195397,0.803310997,0.783470253,0.680978074
24,0.735201188,0.791807319,0.776959117,0.819031765,0.808197643,0.796604313,0.754019435,0.758353415,0.799368569,0.790151799,0.737848221,0.826889338,0.753360229,0.753360229,0.747311048,0.646121529,0.682815949,0.723191151,0.775598619,0.77550474,0.801348799,0.791221153,0.784880547,0.79203965,0.75047636,0.749669437,0.822359028,0.181533768,0.733857788,0.784480069,0.752137853,0.771097625,0.690548623,0.785806267,0.807428519,0.793308073,0.688366433
25,0.723764515,0.775489171,0.772437593,0.809198428,0.802650549,0.785899681,0.740441361,0.750139591,0.792897354,0.776256463,0.71535599,0.805515579,0.724527627,0.724527627,0.728005154,0.65310995,0.676752725,0.696164438,0.757036445,0.757975853,0.782035409,0.766627592,0.766564029,0.780672424,0.74023059,0.740697015,0.798893266,0.173621884,0.715689323,0.76559534,0.739063768,0.746764755,0.670904101,0.772420152,0.778678633,0.760438879,0.670898864
26,0.741547394,0.807154593,0.806833925,0.85263545,0.839085422,0.822536552,0.781449215,0.791311567,0.847848,0.813204703,0.758668881,0.863478486,0.77205597,0.77205597,0.772311193,0.668695563,0.721929275,0.736222302,0.796306972,0.788607478,0.822824605,0.812315726,0.803164308,0.822080196,0.773470805,0.78463827,0.852651975,0.182800703,0.762301427,0.81406506,0.790105959,0.787015669,0.714633389,0.811852488,0.818950305,0.804267303,0.716340259
27,0.758709155,0.831232263,0.829277816,0.869195331,0.859905349,0.849367244,0.804456507,0.812433878,0.865221857,0.840009666,0.769273771,0.89095976,0.811602492,0.811602492,0.806708885,0.677487447,0.742652753,0.766020241,0.827523617,0.819239104,0.845470054,0.851615692,0.821742881,0.849606393,0.793106511,0.806780081,0.879085844,0.194590961,0.775924468,0.852569103,0.804477144,0.812687262,0.739585491,0.82533929,0.852011764,0.830182909,0.749392722
28,0.769227653,0.819402539,0.825789063,0.866175645,0.857551296,0.850749478,0.810017897,0.802993123,0.849787938,0.831456244,0.759995177,0.869174087,0.807603922,0.807603922,0.814643688,0.709447689,0.735820432,0.760936756,0.819406947,0.827765088,0.845920795,0.843149444,0.817391684,0.846453583,0.789053417,0.797300009,0.863134279,0.196297445,0.76936106,0.849221208,0.799928702,0.809748448,0.742582332,0.81366486,0.857208696,0.805240041,0.738762484
29,0.782608696,0.840612397,0.848169979,0.87964809,0.869582217,0.865493304,0.82755994,0.814873046,0.863448335,0.855189606,0.770912459,0.893354963,0.812031457,0.812031457,0.828870611,0.733159135,0.763313017,0.772887303,0.840303662,0.844055657,0.84955525,0.845292648,0.821666448,0.865100574,0.801002777,0.817564696,0.871367691,0.19236736,0.772159771,0.853375198,0.797927216,0.82216669,0.751482239,0.816229737,0.86104727,0.826028596,0.752414189
30,0.784229004,0.83914115,0.852515177,0.899595439,0.877572963,0.887286522,0.859574909,0.824490126,0.883156774,0.866452142,0.792851153,0.900972829,0.827126953,0.827126953,0.841628986,0.749779691,0.780059315,0.792268455,0.862085105,0.86075621,0.866489413,0.875007401,0.847522493,0.885537886,0.81519668,0.83053929,0.883411875,0.200434378,0.78058237,0.866558754,0.825166325,0.848915635,0.775961837,0.834178577,0.881089112,0.829711407,0.793300425
31,0.784120983,0.842905153,0.848812313,0.898753412,0.891037494,0.892807777,0.85593634,0.836046785,0.889708819,0.866757394,0.812356478,0.929466088,0.834940251,0.834940251,0.847009792,0.741674352,0.782740619,0.81271859,0.871891321,0.865558874,0.87461416,0.867109517,0.852779962,0.892982202,0.826403242,0.837292218,0.905653896,0.229625608,0.783162742,0.880957953,0.846632908,0.85082172,0.775515224,0.822541242,0.879536703,0.832281304,0.799136724
32,0.820969484,0.851613144,0.873712184,0.918845938,0.903768928,0.888868411,0.851920602,0.836406783,0.889632743,0.884563775,0.821794008,0.938518025,0.836262894,0.836262894,0.878963774,0.7510913,0.778020681,0.82655148,0.883723851,0.891998628,0.873838201,0.877428866,0.856525157,0.885886736,0.839717091,0.841235361,0.923215647,0.233478126,0.799048571,0.885131446,0.854595902,0.84242602,0.779405292,0.816341023,0.886437646,0.83109193,0.79430605
33,0.802565487,0.839566841,0.871331772,0.908267358,0.893098308,0.885005836,0.849731545,0.820471377,0.887726088,0.874897454,0.810147811,0.92102948,0.843856603,0.843856603,0.882690287,0.709919049,0.772805571,0.811097684,0.871954108,0.882602475,0.868925696,0.875854025,0.85495829,0.880101101,0.828607415,0.830084766,0.920140193,0.224713,0.798618509,0.874535195,0.847234213,0.847392042,0.780304992,0.812181046,0.892998999,0.833768021,0.799182643
34,0.822319741,0.846079164,0.893889015,0.931031145,0.914040418,0.896708748,0.870527592,0.822903197,0.88731718,0.891031307,0.813962283,0.941452276,0.858972526,0.858972526,0.894049768,0.724018854,0.784821396,0.842621103,0.883301464,0.89610683,0.879886117,0.87669473,0.846370545,0.896253488,0.841041209,0.844706271,0.918449499,0.270632951,0.80369324,0.889434953,0.848535608,0.864151569,0.786486382,0.817893727,0.900773172,0.856111257,0.807613362
35,0.843559276,0.857953697,0.913423512,0.959563307,0.927855205,0.902921121,0.880799894,0.831741507,0.898310162,0.911985602,0.835895497,0.942154056,0.876003473,0.876003473,0.91337888,0.756501691,0.800013696,0.86149681,0.902976683,0.910933173,0.890646842,0.89238985,0.857551537,0.90001843,0.868758881,0.85006021,0.938888114,0.281104561,0.830727599,0.904016174,0.860492984,0.873401502,0.796240679,0.829764233,0.911906855,0.873208506,0.829369762
36,0.847934107,0.861784914,0.906068163,0.943119568,0.925256787,0.902337511,0.874964872,0.829265605,0.886390004,0.902732644,0.831571332,0.915313538,0.875365131,0.875365131,0.916884821,0.795470847,0.810807394,0.85497252,0.905916265,0.916831915,0.892877724,0.885131375,0.852244934,0.887308462,0.876194936,0.836353655,0.937073972,0.256179543,0.830257839,0.891983254,0.857293183,0.864903803,0.800700342,0.8347933,0.91056669,0.846736443,0.844729652
37,0.832878747,0.833465273,0.901042847,0.934283115,0.915148208,0.889206291,0.854649529,0.81162572,0.877983606,0.878446012,0.806196325,0.899620124,0.856751098,0.856751098,0.905873612,0.788318475,0.813177898,0.840715522,0.891241188,0.904348335,0.876862159,0.877233491,0.834015767,0.879528461,0.853999806,0.817588308,0.914155673,0.262229807,0.807087422,0.880028343,0.835865256,0.860090778,0.789075445,0.812769272,0.894048088,0.834846953,0.815162438
38,0.809748852,0.797587752,0.876911257,0.881699928,0.887502342,0.853867183,0.817280244,0.782730398,0.840093003,0.832511908,0.791020645,0.865644849,0.833285671,0.833285671,0.877106322,0.800789015,0.830213925,0.821909531,0.863455007,0.869683811,0.837185551,0.837382923,0.791393693,0.839226476,0.816658055,0.784520212,0.870315704,0.277820871,0.808523167,0.835784123,0.825106195,0.828484184,0.784965307,0.781656889,0.842842849,0.803553679,0.811139938
39,0.808412098,0.83150112,0.889052621,0.906999477,0.902905504,0.868902814,0.841367274,0.812852651,0.87285323,0.863367823,0.815595491,0.892500623,0.866137269,0.866137269,0.910766838,0.820821806,0.86789968,0.8576566,0.900978909,0.892032096,0.86488044,0.865777415,0.823686452,0.87034648,0.845659476,0.812706602,0.893668753,0.312286689,0.836463964,0.867579374,0.859165818,0.852797929,0.805218258,0.820204236,0.873302811,0.865779167,0.879343359
40,0.828179854,0.849663928,0.886243986,0.905237994,0.911947022,0.879261887,0.843726427,0.829801928,0.877959832,0.876614498,0.824852162,0.900764329,0.863578797,0.863578797,0.903406683,0.805912491,0.869632782,0.863501156,0.910956363,0.900005857,0.869872823,0.870371686,0.8326509,0.878732031,0.849801382,0.824541934,0.900157798,0.338039094,0.825752112,0.874990249,0.860931078,0.860352148,0.807995029,0.825964611,0.880112792,0.867223407,0.847613362
41,0.865136376,0.881732636,0.922038338,0.952178626,0.950678928,0.918210161,0.885407268,0.861665393,0.911899237,0.928666366,0.854523931,0.9346023,0.892350117,0.892350117,0.943603109,0.828998873,0.892257932,0.905232214,0.955301236,0.937339458,0.911780312,0.913484423,0.856410508,0.914485809,0.891260819,0.876168776,0.942484193,0.353500879,0.869320701,0.920495618,0.891236841,0.904102865,0.83686309,0.877013084,0.925708741,0.913456065,0.879673975
42,0.830974885,0.847184466,0.891382654,0.907415652,0.907898702,0.892085944,0.858761408,0.822315446,0.86049088,0.906497421,0.82104317,0.89786059,0.841395159,0.841395159,0.900034247,0.798503945,0.866530055,0.871332628,0.914369702,0.89221617,0.866249779,0.878482706,0.82165007,0.878745195,0.867507428,0.828892378,0.892718744,0.348355569,0.838806148,0.875217776,0.859595322,0.863667079,0.813995184,0.847045357,0.890652194,0.855605774,0.84738836
43,0.837361599,0.853681852,0.897050304,0.912477498,0.903443108,0.898659233,0.860706415,0.840322675,0.866757641,0.915375174,0.827576002,0.908382195,0.833367378,0.833367378,0.897683409,0.807623732,0.883239479,0.890580156,0.914084306,0.900097894,0.879304147,0.885901034,0.824559967,0.884056922,0.874935409,0.84064507,0.908262396,0.380365084,0.847989626,0.885501989,0.857323249,0.8699017,0.821037438,0.857649322,0.898383918,0.872316475,0.861209964
44,0.853618688,0.857094847,0.907491373,0.918187801,0.910130573,0.893168694,0.863524087,0.842137357,0.876504878,0.929372261,0.842329678,0.910533301,0.841492187,0.841492187,0.905484708,0.80551286,0.892226325,0.90108409,0.917634636,0.905753993,0.879714949,0.896143417,0.836936583,0.89294271,0.894175494,0.853312713,0.918352888,0.382717965,0.861275233,0.899498141,0.869817504,0.880668851,0.826325601,0.869223065,0.911591522,0.87811892,0.862233957
45,0.85673778,0.851777446,0.911194237,0.931931244,0.90697826,0.89627872,0.872443018,0.838478606,0.887203066,0.931381839,0.846988157,0.906007333,0.859427025,0.859427025,0.926706099,0.809539912,0.90840897,0.904256184,0.939912669,0.913769589,0.875983499,0.905320119,0.837498908,0.898853404,0.904203268,0.851671704,0.912443509,0.39569759,0.870544723,0.911602569,0.870904148,0.884908138,0.820649078,0.877256853,0.922670629,0.876079994,0.872184594
46,0.852849041,0.847154593,0.910425955,0.920278353,0.902033934,0.899964676,0.874188348,0.843724286,0.880384754,0.924195692,0.845327546,0.903251069,0.854626698,0.854626698,0.943922358,0.82218465,0.93177161,0.890028235,0.944975599,0.914196307,0.876622524,0.905095142,0.838432477,0.894733031,0.90615715,0.844818427,0.916592419,0.380339228,0.884736769,0.900538264,0.883948168,0.882039448,0.834895402,0.875847231,0.926466754,0.869015963,0.892590977
47,0.84905482,0.844839432,0.935980755,0.928301814,0.89576189,0.909241,0.869625346,0.854568297,0.876609483,0.942682531,0.850364183,0.915450842,0.856199571,0.856199571,0.934681534,0.821846501,0.938862052,0.906365105,0.948565884,0.926596216,0.870660193,0.897511042,0.848046602,0.891599968,0.914376373,0.858820127,0.930155544,0.407539559,0.895104571,0.912064124,0.87932671,0.88602374,0.838442419,0.874358118,0.920238925,0.87468248,0.88903685
48,0.860221442,0.865728155,0.941497267,0.948191092,0.917445242,0.924829525,0.883795057,0.854818091,0.916568402,0.96359231,0.868866565,0.939860559,0.889541416,0.889541416,0.938361611,0.819592171,0.921957721,0.919198727,0.941059962,0.938644712,0.883092653,0.927279078,0.875425839,0.912096519,0.931420359,0.878039998,0.957791685,0.437351329,0.905029079,0.928010505,0.908730517,0.901635791,0.863271541,0.907012607,0.93630272,0.910359446,0.88138216
49,0.839765055,0.843121733,0.914972669,0.920907454,0.897358411,0.902744502,0.857149196,0.829140708,0.878910782,0.930561473,0.843414829,0.912369116,0.872862833,0.872862833,0.914980932,0.807644226,0.915610036,0.887390632,0.921630184,0.90584603,0.855757216,0.890003907,0.856148454,0.875928071,0.899326637,0.85789337,0.916978864,0.408754783,0.893225531,0.900005201,0.884270295,0.868939095,0.838668962,0.887304388,0.909165883,0.876079994,0.85797727
50,0.839711045,0.847475728,0.925275196,0.936896305,0.893342674,0.90965567,0.859981659,0.838140649,0.882105974,0.933703028,0.849673632,0.92430445,0.85317128,0.85317128,0.920855125,0.818065376,0.931244831,0.885211996,0.935580353,0.916078884,0.86979865,0.894207429,0.865407713,0.89399584,0.904679628,0.869882178,0.916200608,0.395904437,0.897380592,0.915971085,0.890098657,0.87590045,0.847678904,0.88729379,0.914520481,0.884609503,0.875100448
51,0.851012692,0.857587752,0.929179576,0.945035907,0.91048083,0.928031699,0.865225044,0.854090749,0.891729588,0.94071747,0.862328253,0.947147877,0.865744051,0.865744051,0.928221083,0.832636541,0.946094725,0.900061583,0.948668626,0.930294435,0.88689257,0.900074598,0.870419506,0.895608446,0.907901111,0.882449471,0.929323615,0.450796359,0.909263535,0.920541124,0.896940647,0.884417273,0.856688846,0.893435716,0.913465329,0.88577339,0.887673057
52,0.826492033,0.841262136,0.90508577,0.91124833,0.892283757,0.906883524,0.841071455,0.839374927,0.874369996,0.919464282,0.847454004,0.932140986,0.849606782,0.849606782,0.897706627,0.811476586,0.937576712,0.882121237,0.92967265,0.901854966,0.869753005,0.876540798,0.851911906,0.86814807,0.879868557,0.866730025,0.918154299,0.469179853,0.897301196,0.907104038,0.880731187,0.873299504,0.840837303,0.870357122,0.886892453,0.871866212,0.866449317
53,0.839859573,0.863816281,0.918448827,0.910977333,0.906220727,0.918164086,0.845523525,0.84690549,0.86934898,0.925493014,0.870192861,0.942586311,0.868700848,0.868700848,0.901566645,0.819745876,0.953780428,0.894705042,0.925363167,0.908715915,0.876257367,0.878476786,0.861667977,0.862191301,0.891204302,0.87597398,0.922491063,0.494492709,0.905419443,0.911940609,0.89735297,0.886603853,0.858805406,0.879260001,0.881325612,0.893321666,0.886387326
54,0.810086416,0.848349515,0.88150835,0.860542769,0.876098626,0.884030593,0.807754885,0.814285294,0.839232393,0.883978709,0.842696876,0.890369858,0.857159636,0.857159636,0.863163821,0.791115893,0.914877814,0.848140316,0.874488427,0.856664742,0.842035295,0.847062863,0.83809399,0.824206203,0.856107092,0.832682046,0.881082474,0.462224635,0.872337751,0.860044985,0.883711941,0.849693369,0.834688277,0.861486039,0.849222279,0.854412152,0.860851797
55,0.832730219,0.888961912,0.905828862,0.893188285,0.910945124,0.918816808,0.857400642,0.850938933,0.890859469,0.921899941,0.880331903,0.941482789,0.899627209,0.899627209,0.898826903,0.807285583,0.953838374,0.888883725,0.915414253,0.888091234,0.870660193,0.884580773,0.88333115,0.863244432,0.888200814,0.872656545,0.917327737,0.487253077,0.911532939,0.892347297,0.924102445,0.882995678,0.864993268,0.902211412,0.887165338,0.89821509,0.903877856
56,0.848919795,0.910784167,0.918234716,0.902189272,0.918992889,0.936778167,0.877198302,0.858315211,0.912969056,0.931731607,0.889802316,0.941187838,0.901154121,0.901154121,0.90904289,0.817768214,0.957689127,0.888314374,0.926516168,0.903101651,0.884667393,0.907741584,0.905376485,0.883517192,0.894837553,0.880513317,0.921594727,0.476160927,0.923144613,0.902351978,0.931124827,0.892124488,0.877129505,0.912253647,0.900330493,0.909684051,0.919067845
57,0.828449905,0.889768484,0.889770523,0.87448946,0.89296798,0.917073658,0.859353045,0.849704655,0.905000095,0.914707435,0.878424667,0.928255773,0.882769891,0.882769891,0.892679897,0.822727738,0.95010878,0.873784321,0.907406033,0.88379059,0.865405353,0.895723065,0.89587155,0.869852825,0.879263015,0.870330799,0.913597475,0.50173234,0.913081163,0.88712068,0.916938328,0.881395586,0.860682477,0.894702257,0.887401837,0.894353873,0.903620709
58,0.84120983,0.902815534,0.904569385,0.892607576,0.914960861,0.932370377,0.876052005,0.868571471,0.927642215,0.938211858,0.900160581,0.950504213,0.915355939,0.915355939,0.927228507,0.840957065,0.968145686,0.908044107,0.933257228,0.912246793,0.890732425,0.926355488,0.909913304,0.894213048,0.903557357,0.889922554,0.943718668,0.525855828,0.928894211,0.913975349,0.953171239,0.902929889,0.880204018,0.912036375,0.903962888,0.932205694,0.938689014
59,0.818120443,0.905556385,0.891395249,0.886616597,0.903980711,0.928845681,0.865957195,0.86767515,0.917338671,0.925938174,0.904523109,0.958447542,0.919609846,0.919609846,0.924407502,0.853673532,0.958105282,0.89819667,0.93338851,0.921149293,0.899210918,0.913401537,0.900937937,0.892633353,0.893691061,0.881440074,0.939752246,0.503568104,0.923931958,0.906837507,0.95333445,0.894304693,0.880398198,0.902004738,0.893938935,0.930026591,0.937926759
60,0.819362679,0.911769978,0.897793395,0.904599214,0.896755643,0.942714093,0.884024316,0.872355119,0.941102912,0.928825351,0.910206453,0.983452246,0.92524257,0.92524257,0.939261314,0.846234245,0.965000817,0.902466798,0.947184566,0.930779722,0.907107442,0.924455022,0.90686692,0.905494708,0.902967963,0.892814979,0.956009747,0.513134761,0.94342369,0.927678966,0.969208898,0.917343465,0.889006835,0.909540389,0.909335678,0.955823259,0.956340259
61,0.900810154,0.947064974,0.95171163,0.955711272,0.953472839,0.991599091,0.939645609,0.903292876,0.945776831,0.954046818,0.94677277,0.989071566,0.966050454,0.966050454,0.975609331,0.878225228,0.989838437,0.955741724,0.975575787,0.979366952,0.951091763,0.966117249,0.941960386,0.937299247,0.960373337,0.922878495,0.984311431,0.535267349,0.969756717,0.962581585,0.984336009,0.954324073,0.928140534,0.94090184,0.946745096,0.954842026,0.993640225
62,0.930583311,0.939223301,0.960502783,0.985627456,0.96838727,1,0.957690544,0.917163806,0.968499781,0.971878637,0.964244806,0.99423829,1,1,1,0.847381904,1,0.975268118,1,0.990620581,0.969669133,0.997241069,0.950231481,0.946231109,0.981664191,0.934312429,1,0.565079119,0.983975228,0.979002522,1,0.962254408,0.948853045,0.966487019,0.968066463,0.957874929,0.998057628
63,0.928017823,0.919805825,0.952731807,0.951143029,0.94958743,0.970888623,0.922332826,0.906988363,0.927028852,0.939928902,0.930890098,0.975686905,0.948958227,0.948958227,0.963025093,0.881463265,0.967582033,0.946916794,0.965135991,0.966138708,0.935698106,0.952429162,0.914308176,0.90712706,0.954398657,0.908499008,0.973770087,0.571181094,0.953864272,0.946147645,0.966507321,0.937073681,0.927991663,0.924707079,0.932282223,0.919844702,0.974345081
64,0.958236565,0.932374907,0.983198569,0.980962428,0.972891738,0.988043679,0.939194486,0.920690314,0.935230796,0.95633621,0.94501899,1,0.965498928,0.965498928,0.985912386,0.984742289,0.993136072,0.963654532,0.980650133,0.985985257,0.951120291,0.960700034,0.921509216,0.920751935,0.978822181,0.919431196,0.987043378,0.612317716,0.966527944,0.950457654,0.964991174,0.954744814,0.938652133,0.938861597,0.946951275,0.948640291,0.991780507
65,0.890696732,0.908730396,0.954066853,0.947649097,0.952837489,0.958003133,0.916068867,0.901794111,0.92572605,0.950867107,0.944755923,0.996277518,0.960530079,0.960530079,0.969247558,0.954728968,0.980540791,0.967639985,0.970261708,0.958173314,0.952210057,0.945490391,0.915525638,0.89581249,0.965637515,0.900943285,0.981128632,0.597373048,0.961261339,0.946225655,0.966056342,0.926714521,0.924768279,0.925724551,0.931881993,0.940527063,0.973040983
66,0.869065622,0.882778193,0.927164412,0.914839047,0.928490555,0.92702574,0.881731722,0.876968967,0.893160768,0.912589747,0.924888882,0.969869255,0.931784292,0.931784292,0.929631586,0.933405062,0.949650482,0.940967663,0.923707868,0.919325284,0.915614463,0.914295525,0.892082678,0.867871623,0.949400917,0.871558604,0.948254023,0.580308201,0.931123917,0.91034142,0.938254584,0.888707559,0.899401926,0.893038266,0.890712835,0.913439074,0.937417059
67,0.84168242,0.83849888,0.873775158,0.865749792,0.892503686,0.877480342,0.851972371,0.838471259,0.85071036,0.868410844,0.883433902,0.920882004,0.901991625,0.901991625,0.893974309,0.919182293,0.900122739,0.91048999,0.877034162,0.869390965,0.888045097,0.873189822,0.851819095,0.831110789,0.907408604,0.831619522,0.907806177,0.555615886,0.893774687,0.86321736,0.88425741,0.84795303,0.865640534,0.856642449,0.8651466,0.863871921,0.894244059
68,0.815987038,0.831665422,0.849555404,0.85282902,0.872139907,0.874017078,0.855832803,0.831976607,0.855683828,0.848906497,0.882414517,0.900469379,0.902747421,0.902747421,0.877315285,0.978850292,0.886157833,0.903163961,0.869545364,0.856681476,0.890110517,0.868110073,0.846911032,0.835593176,0.903977199,0.832900453,0.899556662,0.521589616,0.891432503,0.8516915,0.881409802,0.846384813,0.881272007,0.856451673,0.869967557,0.872511872,0.90165997
69,0.807520929,0.841433906,0.869140281,0.906931728,0.906041526,0.885865893,0.86707391,0.823329317,0.883480097,0.86482413,0.902160986,0.898872576,0.935777755,0.935777755,0.908503068,0.920227482,0.868436995,0.918309843,0.876577528,0.854363814,0.891645318,0.897901792,0.860625218,0.845446527,0.932849438,0.852993955,0.915057376,0.518435205,0.906034762,0.885196453,0.89113376,0.862742723,0.884948478,0.878624081,0.908056154,0.893083791,0.915793824
70,0.762233324,0.836549664,0.859580846,0.90239252,0.893896568,0.879284924,0.857038264,0.808936758,0.889395006,0.865568183,0.883784658,0.878922718,0.924047595,0.924047595,0.902768184,0.856573419,0.827827617,0.892805271,0.858745969,0.821548399,0.878551011,0.89435544,0.849597091,0.820013427,0.908425914,0.844546893,0.89584787,0.512591788,0.89425768,0.867312843,0.865496699,0.850413729,0.872158502,0.880765012,0.909651011,0.869874011,0.871670302
71,0.774480151,0.859096341,0.88011033,0.943574457,0.925110168,0.897131097,0.873774202,0.834290878,0.916330664,0.897994874,0.912870007,0.902422156,0.936748034,0.936748034,0.926967303,0.846726099,0.837773201,0.925885688,0.879825337,0.841202507,0.901013882,0.923442625,0.873602376,0.830439419,0.927819403,0.874445127,0.91668903,0.533354018,0.9167003,0.901168838,0.892637022,0.87494422,0.891634735,0.914150808,0.942809496,0.885327375,0.888669498
72,0.862773427,0.942793129,0.958260913,1,0.968509453,0.948565549,0.929913177,0.908090396,0.952034082,0.923992191,0.95163403,0.926994604,0.932877132,0.932877132,0.917407229,0.876196332,0.84110771,0.926943053,0.879848169,0.877532067,0.930608728,0.941044131,0.930244366,0.8626323,0.970142746,0.904201691,0.944518394,0.572163616,0.952726262,0.922738383,0.929900742,0.903108386,0.937726543,0.9356608,0.961207968,0.880782268,0.907193204
73,0.746246287,0.903711725,0.878233709,0.911325758,0.934819618,0.907359626,0.883994734,0.876506113,0.909455296,0.901047397,0.936661131,0.910253607,0.902083546,0.902083546,0.886666396,0.83922533,0.829386882,0.907161033,0.849265105,0.81281324,0.909577958,0.885089932,0.913565688,0.808764678,0.925381088,0.889550671,0.922646715,0.568130107,0.918989553,0.870465715,0.927847715,0.870711308,0.920651667,0.903377265,0.889912374,0.875345131,0.883691884
74,0.859451796,0.965563854,0.954734376,0.967286735,1,0.97389882,0.96081143,0.93192371,0.977652675,0.947903617,0.993763119,0.955228511,0.952563579,0.952563579,0.930740253,0.887508966,0.891594191,0.955979922,0.9114872,0.908456538,0.959450438,0.951949605,0.97821126,0.909746722,1,0.955173309,0.967200532,0.688850967,0.966402234,0.943059781,0.976252754,0.938418778,0.987792564,0.957668929,0.958642855,0.935446737,0.928683274
75,0.889481501,0.966295743,0.948021361,0.971071021,0.972484462,0.960329893,0.976926149,0.933966146,0.989734495,0.949264533,0.990770732,0.95493356,0.961816975,0.961816975,0.954567881,0.888554155,0.905559097,0.972851283,0.940489169,0.955579541,0.965703755,0.960404012,0.974487902,0.939333105,0.982059811,0.961743247,0.964694011,0.732004344,0.951661032,0.963998752,0.965085664,0.953240345,0.987870236,0.974070365,0.969922076,0.975673058,0.955747905
76,0.915973535,0.991687827,0.946749288,0.965080041,0.989435272,0.963278658,0.982213906,0.949908899,0.995116872,0.955439531,0.996311581,0.961992036,0.974670616,0.974670616,0.959577197,1,0.92272155,0.986068345,0.946476783,0.960808923,0.971860076,0.967484873,0.982862727,0.960935443,0.983900659,0.97124693,0.964463218,0.780975282,0.938322494,0.974055439,0.962783526,0.964868104,0.983902496,0.981139675,0.978144993,0.977983842,0.968889909
77,0.865960032,0.957669903,0.894669891,0.920607421,0.957781814,0.939773007,0.960338121,0.932930234,0.98677704,0.946364637,0.977946214,0.958071226,0.938167705,0.938167705,0.934246194,0.915718824,0.909436189,0.967163589,0.934119124,0.931047466,0.955639111,0.951168105,0.962144043,0.954471855,0.928465315,0.951141623,0.952762541,0.718352467,0.918447013,0.95923369,0.956010257,0.947859957,0.969785626,0.968405378,0.958188048,0.966990629,0.954025944
78,0.885903322,0.970941001,0.908385602,0.929250305,0.963165997,0.945609104,0.965174755,0.94973992,0.992116625,0.954377508,0.973643972,0.975061406,0.933893371,0.933893371,0.931663174,0.93512655,0.924528401,0.961435228,0.938674049,0.941539697,0.953933142,0.952233787,0.962204097,0.970558422,0.92117459,0.953561815,0.943927993,0.742062261,0.929066236,0.965539434,0.965424972,0.950027412,0.972905447,0.978055463,0.960753161,0.973103161,0.953626449
79,0.906062652,0.988177745,0.923134084,0.925040166,0.979880587,0.956551788,0.965781183,0.977254026,0.984490006,0.973697431,0.98676444,0.982796235,0.937651925,0.937651925,0.949924251,0.935577416,0.938972676,0.990902014,0.949433488,0.950366893,0.975557293,0.967242135,0.977577961,0.977166816,0.931428433,0.979977333,0.957609197,0.77014169,0.938659927,0.976928778,0.966597517,0.965913582,0.984478563,0.980212291,0.974257906,0.990204657,0.964325565
80,0.928881988,1,0.945477216,0.950059039,0.997075761,0.967625015,0.98982384,1,1,0.996883883,1,0.995306215,0.951389031,0.951389031,0.979068836,0.918465007,0.964542519,1,0.968583578,0.978797995,1,0.998537648,1,1,0.937298153,1,0.981719033,0.78730996,0.967632873,1,0.999712233,1,1,1,0.993923774,1,0.997520377
81,0.912192817,0.952733383,0.922139097,0.918952401,0.955150814,0.91821784,0.949067432,0.964183907,0.942657715,0.959032605,0.948110028,0.935888895,0.913175365,0.913175365,0.945152921,0.930269495,0.942117545,0.957310342,0.928913496,0.944217141,0.968722007,0.955791979,0.955718248,0.946527302,0.891793696,0.949884303,0.939188681,0.768461061,0.942470938,0.950451153,0.95949353,0.952494486,0.949273768,0.958405537,0.95407659,0.923289638,0.957800482
82,1,0.98317401,1,0.977429783,0.989793674,0.953196031,1,0.997178794,0.976820594,1,0.97343023,0.961798793,0.953590032,0.953590032,0.990526994,0.947576596,0.975273003,0.97984035,0.968903222,1,0.999178396,1,0.98262797,0.989692486,0.940600375,0.970662543,0.97283618,0.897481642,1,0.990729906,0.993561743,0.986147412,0.972937811,0.992845901,1,0.938144067,1
83,0.94852822,0.925265123,0.950162473,0.899411548,0.916231561,0.896624278,0.939956219,0.936890208,0.886722836,0.944208793,0.918038178,0.878846437,0.918501685,0.918501685,0.941101353,0.958663798,0.938261525,0.919791316,0.90823939,0.945555862,0.94158056,0.935964383,0.914324555,0.910905166,0.892173169,0.904685729,0.91465483,0.902264971,0.962326569,0.900213225,0.94026466,0.925165428,0.917790752,0.940133437,0.929050059,0.875451325,0.962782689
84,0.930002701,0.906273338,0.919922416,0.861946149,0.882680199,0.87159049,0.907926459,0.91750911,0.841072481,0.917721801,0.901152562,0.850719324,0.901240936,0.901240936,0.903783978,0.976380777,0.935790932,0.880424805,0.873700733,0.9205134,0.897681823,0.890086794,0.877986329,0.878001422,0.864528162,0.8766233,0.879504492,0.931895749,0.95526032,0.867527368,0.920559042,0.896006783,0.894159072,0.912460321,0.88892999,0.840547452,0.950540696
85,0.906818796,0.888730396,0.898889141,0.828129537,0.853649596,0.854942253,0.885799228,0.90047167,0.816504688,0.890096472,0.887133282,0.830606734,0.882928199,0.882928199,0.890961754,0.863028999,0.927336132,0.844486016,0.85500157,0.896600484,0.88669858,0.874859389,0.858310404,0.851330894,0.852788722,0.8551131,0.872639737,0.962638329,0.952554237,0.846880932,0.911208752,0.87927913,0.877233068,0.902651256,0.868251417,0.81513733,0.933536907
86,0.903281123,0.861874533,0.874946472,0.809324248,0.847116896,0.840305934,0.866341759,0.887651346,0.798940642,0.864747817,0.880704581,0.815309978,0.874834031,0.874834031,0.88127398,0.868224203,0.935432722,0.839774351,0.848277633,0.886760879,0.880125751,0.851035487,0.837804638,0.835389132,0.839628278,0.833998394,0.85455736,0.948805461,0.956080746,0.833313831,0.89665288,0.862972218,0.882327051,0.886535985,0.849507292,0.786273777,0.92973941
87,0.863745612,0.834466019,0.841507343,0.784092449,0.80401085,0.805158803,0.83320268,0.849322617,0.767545027,0.823176277,0.855718694,0.782031397,0.861561638,0.861561638,0.85395202,0.86558049,0.927968267,0.813979294,0.819155798,0.850105006,0.843250583,0.818472997,0.806909504,0.797325049,0.80725197,0.805369286,0.82126947,1,0.936734572,0.810574148,0.891331332,0.857993447,0.867174555,0.863664065,0.822619084,0.766912471,0.953842268
88,0.762489873,0.776624347,0.761026726,0.690753179,0.744678945,0.7362007,0.758885651,0.775523099,0.70862892,0.755378481,0.811457665,0.720951165,0.815437647,0.815437647,0.792743167,0.825125525,0.902214051,0.770749335,0.767624647,0.772869132,0.781407795,0.756349686,0.754531359,0.723559844,0.739019507,0.742780742,0.754516569,0.922354949,0.872721498,0.733293029,0.84386261,0.784746217,0.809373705,0.807432844,0.753737,0.710531905,0.908648835
89,0.685849311,0.731657954,0.699274541,0.631811231,0.693582152,0.706044969,0.711310624,0.73296256,0.67839822,0.699091239,0.776420425,0.67041288,0.777223981,0.777223981,0.740891229,0.810298186,0.879009445,0.738110454,0.720614173,0.708987006,0.721824416,0.696085397,0.713017558,0.678755726,0.699360548,0.692635531,0.706726279,0.84227945,0.835828796,0.685362873,0.808686278,0.743768567,0.783275942,0.761673105,0.698856918,0.676558292,0.888977155
90,0.774007561,0.780351008,0.787790624,0.713187898,0.778246597,0.793678585,0.763848008,0.77861614,0.732616634,0.75131481,0.823070979,0.711614449,0.839214585,0.839214585,0.786886388,0.805779281,0.919397576,0.815170282,0.763937327,0.772383845,0.758585472,0.732922454,0.746418588,0.721163972,0.783635835,0.746723886,0.755418272,0.889880029,0.885484415,0.747724732,0.840881856,0.803838945,0.858785988,0.798423978,0.747600133,0.718160888,0.92930318
91,0.650796651,0.725250187,0.690773067,0.649522851,0.726294525,0.737437032,0.705749235,0.726871988,0.694521577,0.707307612,0.786564947,0.67830027,0.789750792,0.789750792,0.737495574,0.790193667,0.888638962,0.783780486,0.710819373,0.702770317,0.711651366,0.688862444,0.716042103,0.675714812,0.722694096,0.705191018,0.716752364,0.893835971,0.84051978,0.709090673,0.81959137,0.756715923,0.812538836,0.764476452,0.70014857,0.694742968,0.911123866
92,0.590318661,0.646788648,0.636930401,0.578869941,0.645784291,0.667818528,0.62863672,0.655768779,0.612136024,0.620049985,0.715081962,0.604562583,0.705443775,0.705443775,0.673692092,0.737626806,0.821021635,0.697541336,0.645223893,0.633416167,0.638009437,0.619877328,0.634990828,0.607748407,0.654316303,0.634291179,0.637155555,0.85554349,0.771670162,0.639766492,0.745158422,0.686050514,0.738614592,0.694064217,0.637470059,0.611193707,0.827055447
93,0.499756954,0.567259149,0.558351596,0.510046263,0.56980296,0.604143629,0.557751187,0.569090161,0.542759467,0.543546141,0.631854129,0.515609506,0.629246247,0.629246247,0.600798704,0.652454145,0.746693146,0.630073318,0.570849625,0.556029686,0.558079958,0.548689804,0.564099624,0.529599547,0.588828963,0.555564082,0.561852571,0.79183473,0.701536975,0.561991315,0.674865888,0.613574643,0.67805639,0.621140098,0.561256481,0.531798758,0.755380553
94,0.465798002,0.531366692,0.536978261,0.494870405,0.527397428,0.58061494,0.55931163,0.526992477,0.54003975,0.520919318,0.599074881,0.494286601,0.588412828,0.588412828,0.592533042,0.587222051,0.725527174,0.590218793,0.565872314,0.537697566,0.524371388,0.540584704,0.557941343,0.534615081,0.568684601,0.540930771,0.55211632,0.764608543,0.693008515,0.553403802,0.657045789,0.603170859,0.643576533,0.608352808,0.558078894,0.537257134,0.737265526
95,0.402173913,0.452120986,0.459331469,0.432415168,0.455611036,0.500813982,0.488677543,0.454302339,0.480919188,0.457223349,0.532453155,0.433460637,0.53084976,0.53084976,0.542950679,0.538641254,0.659716698,0.537199493,0.510785125,0.47454337,0.479913503,0.491930423,0.494573288,0.472434311,0.498700103,0.478430771,0.502125444,0.715327335,0.623656056,0.493999792,0.593032595,0.531153979,0.573891881,0.543065028,0.503089658,0.481479751,0.660149237
96,0.349635431,0.398775205,0.397352578,0.378351174,0.393436347,0.445086927,0.424677188,0.396004761,0.424004831,0.397114094,0.467820873,0.371576919,0.468001226,0.468001226,0.49890004,0.46964853,0.592252137,0.487491721,0.463609121,0.425211476,0.427815847,0.438048382,0.433361723,0.414972882,0.43702364,0.42396463,0.44535569,0.642388044,0.541156933,0.430623814,0.534147672,0.474761899,0.501462821,0.480421615,0.445850641,0.417780289,0.583905407
97,0.305549554,0.358073189,0.384682234,0.354416291,0.357205112,0.429813245,0.395028768,0.360262137,0.416349683,0.386360312,0.425291703,0.343932914,0.434194669,0.434194669,0.479692824,0.399948765,0.544489104,0.446928413,0.434607152,0.407155467,0.389286061,0.415230957,0.402745021,0.405389395,0.413423653,0.393316726,0.419522956,0.566914883,0.496887013,0.403028057,0.497382176,0.451066515,0.461856618,0.441831873,0.427609836,0.408290785,0.545443692
98,0.26400216,0.339813294,0.372754981,0.334614119,0.336727296,0.404556764,0.370120842,0.33806718,0.400939539,0.379485777,0.405660326,0.338049155,0.407797978,0.407797978,0.446096158,0.346500666,0.526952637,0.404953348,0.406016153,0.385468176,0.367878722,0.384497886,0.379973576,0.385794587,0.382145395,0.363577871,0.409287547,0.504240356,0.472320548,0.383967808,0.470276214,0.427243635,0.430768434,0.417937182,0.404723932,0.396707134,0.535217541
99,0.229624629,0.317012696,0.359379329,0.300294226,0.317202506,0.385842855,0.337469863,0.315953039,0.37304342,0.371727283,0.378663071,0.306667413,0.378633439,0.378633439,0.398301592,0.219110565,0.508194044,0.381447312,0.359804789,0.346770752,0.32486435,0.359335962,0.355034722,0.359834922,0.357689575,0.342238855,0.396481209,0.443298169,0.443771048,0.366571755,0.426063128,0.41132559,0.396288577,0.37720121,0.36801795,0.341758064,0.493683848
100,0.132595193,0.225668409,0.281568805,0.188991696,0.212247591,0.279718024,0.231596385,0.231713589,0.23022975,0.234974276,0.270257532,0.190263574,0.2691196,0.2691196,0.29951416,0.136110257,0.416629353,0.271498786,0.254465025,0.244509149,0.235480724,0.254993902,0.253434006,0.247847665,0.261933213,0.22834813,0.284729006,0.298970938,0.348224506,0.253854955,0.300098356,0.30288909,0.292700135,0.263594114,0.264685728,0.196913575,0.355330042