"","RNA_B01_01","RNA_B01_02","RNA_B01_03","RNA_B01_04","RNA_B01_05","RNA_B01_06","RNA_B01_07","RNA_B01_08","RNA_B01_09","RNA_B01_10","RNA_B01_11","RNA_B01_12","RNA_B01_13","RNA_B01_14","RNA_B01_15","RNA_B01_16","RNA_B01_17","RNA_B01_18","RNA_B01_19","RNA_B01_20","RNA_B01_21","RNA_B01_22","RNA_B01_23","RNA_B01_24","RNA_B02_01","RNA_B02_02","RNA_B02_03","RNA_B02_04","RNA_B02_05","RNA_B02_06","RNA_B02_07","RNA_B02_08","RNA_B02_09","RNA_B02_10","RNA_B02_11","RNA_B02_12","RNA_B02_13","RNA_B02_14","RNA_B02_15","RNA_B02_16","RNA_B02_17","RNA_B02_18","RNA_B02_19","RNA_B02_20","RNA_B02_21","RNA_B02_22","RNA_B02_23","RNA_B02_24","RNA_B03_01","RNA_B03_02","RNA_B03_03","RNA_B03_04","RNA_B03_05","RNA_B03_06","RNA_B03_07","RNA_B03_08","RNA_B03_09","RNA_B03_10","RNA_B03_11","RNA_B03_12","RNA_B03_13","RNA_B03_14","RNA_B03_15","RNA_B03_16","RNA_B03_17","RNA_B03_18","RNA_B03_19","RNA_B03_20","RNA_B03_21","RNA_B03_22","RNA_B03_23","RNA_B04_01","RNA_B04_02","RNA_B04_03","RNA_B04_04","RNA_B04_05","RNA_B04_06","RNA_B04_07","RNA_B04_08","RNA_B04_09","RNA_B04_10","RNA_B04_11","RNA_B04_12","RNA_B04_13","RNA_B04_14","RNA_B04_15","RNA_B04_16","RNA_B04_17","RNA_B04_18","RNA_B04_19","RNA_B04_20","RNA_B04_21","RNA_B04_22","RNA_B04_23","RNA_B04_24","RNA_B05_01","RNA_B05_02","RNA_B05_03","RNA_B05_04","RNA_B05_05","RNA_B05_06","RNA_B05_07","RNA_B05_08","RNA_B05_09","RNA_B05_10","RNA_B05_11","RNA_B05_12","RNA_B05_13","RNA_B05_14","RNA_B05_15","RNA_B05_16","RNA_B05_17","RNA_B05_18","RNA_B05_20","RNA_B05_21","RNA_B05_22","RNA_B05_23","RNA_B05_24","RNA_B06_01","RNA_B06_02","RNA_B06_03","RNA_B06_04","RNA_B06_05","RNA_B06_06","RNA_B06_07","RNA_B06_08","RNA_B06_09","RNA_B06_10","RNA_B06_11","RNA_B06_12","RNA_B06_13","RNA_B06_14","RNA_B06_15","RNA_B06_16","RNA_B06_17","RNA_B06_18","RNA_B06_19","RNA_B06_20","RNA_B06_21","RNA_B06_22","RNA_B06_23","RNA_B06_24","RNA_B07_01","RNA_B07_02","RNA_B07_03","RNA_B07_04","RNA_B07_05","RNA_B07_06","RNA_B07_07","RNA_B07_08","RNA_B07_09","RNA_B07_10","RNA_B07_11","RNA_B07_12","RNA_B07_13","RNA_B07_14","RNA_B07_15","RNA_B07_16","RNA_B07_17","RNA_B07_18","RNA_B07_19","RNA_B07_20","RNA_B07_21","RNA_B07_22","RNA_B07_23","RNA_B07_24","RNA_B08_01","RNA_B08_02","RNA_B08_03","RNA_B08_04","RNA_B08_05","RNA_B08_06","RNA_B08_07","RNA_B08_08","RNA_B08_09","RNA_B08_10","RNA_B08_11","RNA_B08_12","RNA_B08_13","RNA_B08_14","RNA_B08_15","RNA_B08_16","RNA_B08_17","RNA_B08_18","RNA_B08_19","RNA_B08_20","RNA_B08_21","RNA_B08_22","RNA_B08_23","RNA_B08_24","RNA_B08_25","RNA_B09_01","RNA_B09_02","RNA_B09_03","RNA_B09_04","RNA_B09_05","RNA_B09_06","RNA_B09_07","RNA_B09_08","RNA_B09_09","RNA_B09_10","RNA_B09_11","RNA_B09_12","RNA_B09_13","RNA_B09_14","RNA_B09_15","RNA_B09_16","RNA_B09_17","RNA_B09_18","RNA_B09_19","RNA_B09_20","RNA_B09_21","RNA_B09_22","RNA_B09_23","RNA_B09_24","RNA_B10_01","RNA_B10_02","RNA_B10_03","RNA_B10_04","RNA_B10_05","RNA_B10_06","RNA_B10_07","RNA_B10_08","RNA_B10_09","RNA_B10_10","RNA_B10_11","RNA_B10_12","RNA_B10_13","RNA_B10_14","RNA_B10_15","RNA_B10_16","RNA_B10_17","RNA_B10_18","RNA_B10_19","RNA_B10_20","RNA_B10_21","RNA_B10_22","RNA_B10_23","RNA_B10_24","RNA_B11_01","RNA_B11_02","RNA_B11_03","RNA_B11_04","RNA_B11_05","RNA_B11_06","RNA_B11_07","RNA_B11_08","RNA_B11_09","RNA_B11_10","RNA_B11_11","RNA_B11_12","RNA_B11_13","RNA_B11_14","RNA_B11_15","RNA_B11_16","RNA_B11_17","RNA_B11_18","RNA_B11_19","RNA_B11_20","RNA_B11_21","RNA_B11_22","RNA_B11_23","RNA_B11_24"
"(0,0.25]",0,0,0,0,0,994,0,0,342,0,558,437,0,0,778,0,338,609,589,893,976,494,3779,1668,482,0,0,0,0,0,0,0,443,0,916,789,1220,1114,0,1010,566,0,0,991,793,1127,715,1466,627,605,565,617,523,698,627,502,466,577,396,587,516,501,609,539,0,0,287,188,394,0,914,354,316,0,545,325,465,696,1152,0,543,0,0,588,519,598,502,652,0,657,1083,692,347,732,614,400,769,0,540,0,0,790,949,987,0,703,0,0,0,0,405,759,646,0,0,0,553,1426,0,390,0,654,0,0,0,0,0,0,664,0,0,0,500,0,0,0,0,0,0,0,0,3620,0,0,0,0,0,0,0,0,0,0,0,0,0,810,844,0,772,717,566,0,0,0,0,1166,0,382,589,0,371,0,364,466,0,521,489,425,0,0,0,0,554,308,0,0,0,435,0,0,1329,485,0,0,547,415,0,0,0,365,488,0,475,383,380,591,481,467,477,348,0,0,508,554,1272,468,360,300,351,355,481,321,368,531,376,443,300,306,361,565,661,1994,740,455,2103,0,621,0,463,0,0,580,349,526,626,450,608,624,0,492,628,417,602,463,532,0,307,0,340,296,283,333,604
"(0.25,0.5]",0,931,1232,0,1362,657,0,734,108,869,783,252,432,0,1014,604,243,351,615,727,1042,436,1664,2106,236,1645,0,1836,425,1921,1374,1487,246,1180,564,939,731,1183,2897,564,555,774,1906,577,757,1122,682,1872,719,429,283,395,285,798,423,318,572,211,371,598,329,308,743,372,627,444,159,111,307,0,1081,381,96,449,587,332,600,871,1274,252,596,0,417,786,622,765,515,701,0,417,698,928,173,400,438,356,521,741,645,0,770,552,1052,1167,0,464,665,0,0,0,248,521,406,0,545,0,553,1484,0,366,729,423,680,673,0,558,879,866,446,0,0,0,569,903,0,648,743,0,0,0,698,4137,643,0,778,0,0,831,0,931,0,690,1040,975,762,762,474,863,440,781,377,782,779,0,850,684,313,142,343,589,196,460,126,237,445,263,259,180,444,752,579,0,371,109,0,0,454,196,403,433,1004,227,444,399,269,202,507,614,1189,137,254,287,276,156,284,240,250,280,224,146,688,620,328,318,1036,472,154,92,254,203,226,119,168,310,191,301,102,113,196,707,776,1918,484,291,2265,321,417,418,243,0,576,574,168,572,341,462,738,379,0,470,719,388,561,268,535,441,196,328,195,109,86,273,432
"(0.5,0.75]",0,0,679,533,0,771,0,0,126,1123,671,466,67,633,417,148,192,494,428,330,653,312,1441,1326,347,1109,2133,0,256,0,0,885,426,376,737,599,908,666,669,691,398,0,526,808,513,725,471,1358,493,603,248,307,237,494,606,473,437,294,190,400,564,475,569,654,838,296,109,45,138,823,770,374,134,130,685,331,241,933,826,118,718,0,272,762,496,538,557,511,781,300,517,356,316,478,744,403,644,535,420,0,1066,797,739,713,0,341,506,636,0,0,464,693,540,772,269,0,331,1064,0,314,255,595,410,477,610,367,968,565,632,0,0,0,465,0,718,376,444,0,0,840,430,3063,403,658,466,336,0,977,0,587,0,384,631,0,0,500,620,879,591,469,482,0,502,774,475,986,133,194,515,159,263,0,159,415,101,245,408,268,427,824,112,0,671,78,329,234,83,162,0,255,884,400,0,380,205,298,116,378,333,97,397,0,404,210,203,287,390,449,361,189,186,0,472,446,1504,352,197,102,160,133,406,155,254,316,347,498,102,62,313,530,512,1109,762,555,1443,105,368,55,421,273,633,347,217,367,264,302,545,284,389,407,531,273,409,355,566,115,170,213,97,150,85,196,720
"(0.75,1]",0,551,512,0,768,915,0,441,91,383,665,229,109,516,957,305,175,161,311,416,745,238,1089,1041,428,1383,1102,1016,89,1010,883,583,475,317,298,642,317,503,1012,465,425,449,476,598,521,594,516,1035,557,417,286,490,270,614,647,375,488,313,336,514,482,566,634,477,361,220,81,40,172,492,901,387,152,248,489,321,665,661,881,108,431,210,505,400,517,623,391,583,0,459,747,423,249,440,641,339,532,440,495,0,353,622,594,558,0,531,351,0,0,0,198,481,542,407,206,0,264,845,0,263,209,457,717,639,0,640,329,763,506,0,0,1138,382,542,0,291,656,0,604,0,558,1674,277,0,336,203,542,344,0,766,810,283,846,569,472,417,474,283,468,400,392,461,370,0,383,757,119,163,614,292,271,293,91,346,98,387,362,224,158,316,118,0,282,94,0,81,127,287,241,233,1251,343,238,154,363,272,218,342,435,128,180,131,327,100,254,269,145,396,319,173,347,465,222,395,1135,487,240,84,174,135,331,155,209,516,516,457,60,56,323,562,417,1102,248,496,1265,112,606,39,650,68,231,274,199,318,472,327,452,420,0,361,583,296,458,159,411,170,209,179,101,116,59,210,646
"(1,1.25]",2324,815,391,341,551,456,2367,328,168,659,471,558,152,454,626,180,254,416,396,404,584,312,650,1155,257,514,0,767,211,728,617,520,239,446,639,511,764,594,708,556,378,316,657,494,420,719,417,1268,490,503,246,425,272,471,340,299,374,307,302,358,338,265,500,418,570,176,55,44,216,0,676,472,119,274,338,342,290,516,619,97,343,0,227,615,420,467,318,386,554,378,594,442,249,352,711,259,615,366,380,0,552,470,674,617,0,387,572,434,0,0,506,440,289,0,331,0,301,1077,0,390,367,350,283,230,474,238,543,281,342,0,0,690,445,397,437,263,245,866,0,566,230,1063,503,465,263,169,0,556,0,308,0,277,295,438,377,482,401,491,412,514,420,367,340,482,361,679,41,190,305,307,267,276,101,330,207,403,334,319,297,557,183,326,712,90,175,50,104,296,191,189,1451,336,190,258,331,208,209,521,387,164,511,108,430,228,253,300,336,425,447,150,297,417,463,302,841,323,162,58,253,197,446,164,226,372,294,482,186,45,288,446,490,661,553,485,851,44,414,60,381,30,339,341,296,394,369,279,568,351,199,507,474,268,310,419,462,153,242,342,106,173,88,262,519
"(1.25,1.5]",0,255,698,284,431,519,0,535,125,525,501,298,157,437,489,439,342,233,386,319,605,273,626,1085,318,753,815,559,181,593,904,383,409,548,340,575,395,431,570,433,302,264,549,617,489,653,455,962,525,413,279,340,237,493,454,406,358,305,234,446,455,331,581,473,433,202,85,30,223,406,786,483,172,281,387,278,528,566,644,236,431,78,325,494,435,533,449,346,468,404,731,353,268,369,536,315,509,325,390,1039,463,582,542,522,0,325,216,339,1152,612,256,511,372,301,234,0,282,876,331,274,356,454,437,437,380,442,486,459,456,0,0,0,356,350,339,374,404,0,404,0,380,997,394,0,430,182,398,430,1021,521,427,459,610,759,294,400,509,428,485,489,378,338,547,389,260,828,106,328,577,286,388,328,190,422,231,325,445,318,324,409,214,0,388,191,0,46,99,258,188,384,746,422,385,227,434,304,236,237,350,152,330,84,338,159,310,306,179,379,381,251,247,346,264,406,1090,360,367,84,247,288,335,277,334,506,466,369,133,117,328,426,560,522,330,376,730,120,518,122,522,25,319,379,255,340,453,301,591,466,163,534,466,293,364,214,358,127,244,365,111,203,128,346,654
"(1.5,1.75]",1215,277,578,257,743,564,1184,194,288,657,518,510,274,343,531,253,281,378,318,403,601,248,479,835,402,568,604,463,159,798,372,614,361,273,436,540,655,498,596,367,421,461,654,675,558,532,458,958,449,471,287,526,311,440,493,317,500,262,260,412,388,388,477,453,560,315,100,28,257,653,767,382,268,339,434,345,430,544,598,278,433,68,314,444,469,583,350,475,353,387,536,422,217,380,611,334,400,560,338,0,392,456,586,567,1488,446,349,340,0,0,418,539,431,473,215,511,296,813,0,329,389,320,496,506,347,352,411,394,373,0,0,517,411,556,277,352,578,498,0,480,509,822,343,353,411,162,0,574,0,464,353,339,488,311,572,493,558,532,443,468,317,309,444,317,503,855,97,357,334,405,345,503,227,375,429,430,537,333,385,366,324,0,467,210,114,26,135,384,361,342,858,322,179,227,363,239,380,380,380,251,505,80,265,252,353,361,322,434,346,331,319,582,486,346,804,430,207,129,293,285,292,333,317,268,299,334,243,94,255,422,454,610,450,363,506,209,420,98,570,21,270,286,250,441,383,339,505,391,140,485,443,255,333,301,442,176,380,316,215,182,140,241,669
"(1.75,2]",0,450,447,230,269,542,0,345,290,457,445,326,271,559,413,388,302,252,385,371,443,335,547,764,409,677,916,734,217,345,608,491,317,369,483,443,391,508,487,509,369,205,524,529,408,501,427,871,467,419,266,519,258,481,559,409,423,283,262,481,481,443,497,564,350,269,123,42,250,285,682,397,380,303,414,385,363,510,526,223,455,66,371,541,403,505,383,445,358,350,554,487,264,393,539,343,587,456,435,0,537,504,531,580,0,483,453,271,0,0,290,420,465,175,214,0,336,871,236,322,291,386,333,286,287,443,478,516,381,0,0,356,410,482,269,291,466,0,336,374,278,747,298,339,364,313,307,462,0,566,0,331,582,533,477,505,493,457,486,455,403,502,429,290,467,760,167,462,484,375,396,228,319,360,436,491,425,384,363,483,330,213,484,325,109,21,185,372,326,288,932,400,335,306,411,319,342,468,376,371,324,181,468,285,296,285,226,375,333,252,310,516,283,395,880,344,375,140,278,292,441,311,381,516,443,491,302,188,329,567,481,499,493,411,516,162,385,157,575,18,333,374,256,454,420,288,538,477,129,375,505,333,453,336,429,158,266,265,217,286,256,251,606
"(2,2.25]",803,577,427,196,501,519,908,316,335,411,451,430,335,473,551,244,289,389,365,431,466,334,426,677,395,543,354,559,200,778,536,423,404,418,511,439,522,461,499,419,373,366,547,517,544,499,423,610,572,533,350,430,304,520,450,342,463,316,314,438,511,405,504,405,541,266,115,29,248,516,799,440,335,317,445,394,486,489,412,293,461,70,332,516,483,451,377,430,286,496,427,404,256,410,566,314,449,418,386,731,448,445,508,519,0,412,367,241,778,445,389,449,369,345,245,376,313,684,0,346,399,440,522,502,251,361,568,428,476,0,0,327,358,376,446,427,398,398,258,345,473,672,416,277,448,289,258,392,645,452,304,411,474,467,408,421,465,380,528,432,451,451,489,251,582,757,206,441,530,407,338,361,383,409,537,416,432,370,381,543,431,195,487,328,105,40,278,324,291,252,668,439,323,255,398,332,362,410,478,370,493,168,397,327,343,344,351,435,417,283,365,486,455,448,738,431,283,156,205,266,345,362,352,454,389,408,306,185,351,458,466,428,522,473,516,356,567,231,507,43,338,381,237,360,421,289,530,410,129,480,566,299,355,351,454,159,271,375,278,266,299,272,639
"(2.25,2.5]",0,329,556,398,433,480,707,382,281,549,465,379,321,394,390,365,329,343,427,418,529,301,425,673,418,570,618,483,259,368,419,520,382,476,402,475,422,411,392,452,396,349,396,545,454,459,459,753,481,476,299,443,311,459,573,479,549,336,335,448,522,477,506,552,504,326,164,42,284,450,688,449,285,374,426,395,397,468,445,222,428,95,310,474,497,508,421,380,273,429,409,446,260,410,598,404,498,525,407,584,564,476,400,491,928,456,357,232,0,0,394,402,391,313,296,0,402,689,213,378,346,452,354,334,439,333,484,480,487,0,0,293,442,349,337,364,480,344,241,553,443,656,341,514,420,259,237,532,0,521,512,358,512,559,351,483,395,540,518,469,447,416,432,453,508,725,275,376,389,524,437,500,489,383,416,350,399,432,308,415,364,0,436,413,222,48,325,414,248,465,786,397,404,311,378,329,384,357,471,456,394,151,418,259,384,375,284,454,428,292,372,435,430,382,611,365,329,182,345,283,355,281,388,488,473,431,250,276,342,412,420,485,440,448,407,205,480,331,596,38,377,455,264,472,448,404,465,429,216,476,434,343,371,319,459,201,320,401,350,247,258,319,625
"(2.5,2.75]",662,417,647,300,520,430,522,337,314,487,420,490,277,349,465,312,362,419,372,418,461,352,480,601,473,458,482,389,318,496,543,457,406,420,436,456,501,437,508,419,435,446,471,472,470,509,416,645,512,457,332,372,358,451,515,386,453,369,376,354,509,405,511,445,534,398,167,39,270,404,623,418,353,338,440,379,460,444,421,226,431,204,439,417,444,521,453,496,505,449,492,419,283,495,625,375,436,443,427,0,388,453,481,426,0,359,442,394,598,394,466,478,472,309,276,357,443,700,240,339,391,451,493,479,387,454,375,408,438,0,0,485,417,470,334,475,342,310,226,253,373,617,498,239,440,222,392,426,496,402,245,357,436,509,438,403,472,425,418,422,455,558,370,195,422,640,341,469,473,424,421,450,501,461,416,481,418,395,411,447,447,182,417,433,114,45,347,391,360,323,623,462,360,378,424,391,346,438,413,411,506,246,421,336,411,399,382,434,451,324,420,582,493,468,689,483,347,262,304,347,384,360,420,451,403,421,268,283,405,407,475,465,435,522,451,265,448,245,616,55,430,427,319,468,440,363,514,488,220,469,470,379,495,349,531,167,399,346,297,300,230,371,684
"(2.75,3]",499,475,619,293,423,413,436,397,285,419,469,419,381,431,442,455,369,382,444,402,491,434,475,629,421,449,623,615,304,434,570,496,445,447,451,457,442,458,423,466,417,536,590,485,439,459,454,636,530,531,376,474,353,482,471,512,560,432,352,460,551,431,469,505,525,356,170,53,337,481,629,457,373,440,448,452,467,460,512,290,433,97,390,464,518,491,457,486,407,422,436,458,314,457,665,435,509,508,444,524,517,469,488,459,741,442,471,342,0,298,398,426,397,381,294,0,374,585,242,406,400,479,402,390,345,394,528,451,484,0,0,478,380,388,299,378,509,302,196,451,503,624,444,424,386,327,170,455,0,515,496,517,459,502,540,506,442,457,471,433,479,503,527,514,450,607,416,480,419,452,424,405,387,445,451,455,514,475,422,386,400,228,450,391,198,78,490,437,293,486,558,443,323,401,453,433,462,434,493,397,416,231,451,350,433,464,359,512,483,311,421,582,436,467,591,422,375,280,354,283,471,391,396,426,451,499,307,253,436,488,443,491,525,466,481,206,445,237,627,98,432,422,291,433,509,446,465,585,220,470,438,373,492,401,478,195,358,438,253,284,272,334,579
"(3,3.25]",838,451,530,402,516,487,714,366,333,455,437,470,314,509,484,364,425,466,443,457,488,432,446,592,461,440,544,439,329,464,516,455,498,550,431,487,438,454,467,469,416,334,467,554,453,461,455,611,480,439,350,423,396,462,562,412,474,422,421,433,526,486,524,472,520,418,171,81,356,416,562,453,412,439,464,443,460,509,468,289,458,206,436,472,514,479,478,439,522,449,459,448,332,469,673,429,449,516,506,476,522,433,459,445,545,460,503,512,467,284,496,426,446,355,323,310,387,611,231,388,501,454,479,513,340,456,520,454,491,0,0,362,440,574,423,480,420,260,423,542,402,613,389,534,473,361,327,444,427,436,410,462,528,436,424,466,490,460,537,381,458,411,407,324,518,622,456,463,481,481,447,476,402,438,515,478,435,494,516,439,365,205,450,418,318,136,447,453,475,403,653,443,502,382,500,429,462,453,456,407,493,197,471,421,497,437,392,433,475,420,494,554,450,437,628,462,358,222,371,300,433,343,408,500,467,443,282,211,409,468,507,472,468,453,447,287,496,299,585,160,422,458,386,468,478,455,446,451,272,495,447,411,492,468,504,190,377,489,312,324,305,378,649
"(3.25,3.5]",329,513,542,334,567,506,627,408,398,526,486,478,421,451,491,427,410,364,486,445,465,536,513,601,365,515,533,572,319,557,551,470,471,509,491,492,489,492,492,497,507,581,507,505,487,478,447,620,489,520,408,473,451,519,541,460,499,463,433,441,542,519,424,462,567,387,212,104,380,537,625,493,381,428,496,470,507,488,447,310,459,274,429,508,509,516,455,485,457,488,485,441,411,429,645,539,520,516,477,399,462,454,477,539,555,456,398,434,435,245,396,506,469,465,338,252,472,593,189,428,396,553,510,414,554,451,496,542,472,0,0,519,505,394,476,424,445,533,364,384,494,574,519,320,437,345,422,516,376,494,326,477,456,420,482,447,463,459,502,446,525,668,451,469,481,568,357,467,429,479,447,521,484,481,413,506,454,461,437,465,474,413,452,469,257,176,449,535,340,438,623,472,420,457,521,450,481,388,440,460,504,319,426,432,449,450,491,462,484,415,518,575,480,489,656,502,398,263,425,385,462,412,438,483,455,455,392,285,469,492,511,482,478,526,518,327,486,295,624,169,449,478,422,486,461,431,447,527,247,453,480,406,500,407,483,199,439,504,366,363,335,397,605
"(3.5,3.75]",623,452,481,385,441,492,531,516,392,483,500,541,380,442,530,465,422,442,464,481,500,454,499,683,493,532,499,508,372,545,531,542,489,489,480,525,489,499,518,502,420,535,488,542,480,527,481,638,471,489,461,483,455,516,516,530,476,483,479,439,520,509,514,491,529,455,216,118,424,454,629,520,455,475,515,458,532,534,580,407,535,241,512,540,496,470,487,456,545,509,520,512,449,457,607,453,495,419,517,697,517,532,493,510,451,495,542,473,380,209,479,524,466,478,388,215,444,651,343,464,486,428,453,540,370,438,532,462,494,0,0,457,493,491,454,506,580,434,352,642,458,620,560,602,460,421,256,509,367,527,489,562,517,567,523,487,496,487,474,490,475,512,546,533,504,632,398,503,491,482,486,528,497,480,539,440,524,449,518,494,450,423,467,454,253,204,434,481,504,449,681,520,460,492,504,475,460,533,510,417,484,281,489,438,512,474,487,463,465,500,504,601,465,453,633,491,417,284,493,382,485,410,498,501,503,469,372,306,487,588,521,564,504,531,507,339,470,277,653,243,522,491,399,486,524,525,525,511,260,430,520,427,505,477,469,245,462,576,387,401,397,455,640
"(3.75,4]",483,493,551,357,573,514,374,416,453,483,489,486,460,545,516,496,488,482,490,486,502,493,532,700,484,463,495,505,477,481,533,567,469,530,494,486,514,496,528,505,489,494,553,574,487,546,484,719,500,499,448,470,462,518,471,474,515,467,500,469,516,505,493,565,445,473,250,147,461,564,629,514,459,507,552,475,533,508,553,385,476,273,513,526,549,543,511,533,444,532,487,517,432,556,721,536,538,545,485,285,472,495,527,541,403,508,478,413,638,420,461,515,499,451,398,417,485,665,154,505,499,490,535,460,515,482,544,569,487,0,0,367,475,554,501,478,477,380,465,501,497,717,471,525,518,534,374,536,613,530,414,558,519,522,465,525,477,509,501,515,444,531,498,530,480,689,420,527,508,526,510,496,525,524,506,534,489,501,475,499,531,390,467,495,301,249,533,532,473,495,663,455,495,480,505,531,489,449,489,501,505,344,497,477,538,466,525,518,505,478,517,602,506,523,705,487,495,330,506,458,539,465,471,532,510,544,403,322,506,525,472,567,535,527,580,363,531,349,694,267,481,526,398,513,528,550,490,519,315,464,510,485,521,506,481,250,467,526,373,434,394,434,710
"(4,4.25]",631,547,491,454,582,533,543,470,443,542,506,468,455,452,538,475,471,558,466,471,469,500,524,699,555,543,529,554,472,636,571,495,518,559,515,510,524,479,541,538,489,511,530,517,531,537,544,697,490,525,489,514,508,532,552,548,518,499,553,498,530,544,508,472,552,541,243,137,467,509,684,526,505,536,552,499,529,511,548,428,507,238,451,532,540,498,514,476,491,520,532,503,470,504,681,553,554,552,520,485,559,559,481,545,362,524,534,464,271,351,561,545,504,497,456,165,494,684,414,512,490,521,535,505,472,547,533,464,525,0,0,579,495,524,523,481,512,532,406,395,529,677,479,455,572,422,453,562,314,537,492,458,605,555,552,526,510,495,554,507,551,620,450,506,547,712,460,491,552,569,521,571,540,507,532,502,461,494,485,506,518,292,498,571,354,300,513,512,461,455,732,505,490,535,574,531,496,521,562,499,516,397,517,483,501,506,511,553,554,515,559,645,522,500,719,537,473,313,443,423,542,505,517,527,504,522,426,327,506,570,541,573,539,492,549,411,533,398,706,176,565,529,464,526,525,540,531,519,387,547,578,522,492,500,541,290,494,497,458,472,402,547,709
"(4.25,4.5]",539,535,558,410,558,526,621,492,479,440,551,564,470,492,557,539,544,512,507,502,537,506,569,732,504,479,558,537,464,519,568,552,582,548,526,510,481,548,536,516,586,499,465,528,575,581,543,674,472,544,503,540,553,508,559,524,498,513,532,566,487,526,531,566,471,505,295,176,458,534,709,528,520,495,584,552,555,523,602,456,545,239,525,561,581,513,539,499,525,530,522,534,496,536,740,531,547,511,515,631,554,638,579,566,573,493,535,564,479,342,504,585,519,433,456,303,510,771,241,517,496,559,518,588,456,527,633,511,544,0,0,493,541,553,576,549,495,616,460,546,530,750,507,539,535,441,472,529,472,565,588,472,568,490,557,523,527,563,573,552,550,566,534,520,489,660,493,536,538,530,513,577,532,573,518,580,510,528,538,490,482,420,530,528,330,536,477,512,535,562,724,503,511,530,516,525,530,502,548,548,594,352,496,534,508,536,573,515,495,487,493,635,549,512,726,529,505,322,522,480,528,484,523,554,524,512,467,408,535,525,552,591,572,588,573,452,577,411,719,210,478,567,480,514,515,535,573,549,324,565,555,497,539,522,562,279,532,499,424,466,461,495,728
"(4.5,4.75]",439,519,512,493,579,563,561,517,498,506,593,512,521,435,499,528,518,539,526,512,545,532,541,772,544,530,433,560,463,582,553,521,559,563,504,541,550,477,564,587,520,464,524,517,560,570,514,728,495,551,563,554,509,517,524,542,483,528,531,558,537,556,504,551,510,465,281,176,518,546,774,545,523,518,617,531,564,503,570,429,528,295,473,555,548,504,530,577,636,567,550,543,466,541,753,533,550,469,555,376,598,549,579,604,549,557,565,438,652,285,570,589,540,517,517,418,548,743,324,465,533,551,534,489,541,538,545,506,542,0,0,515,579,619,507,504,564,499,572,478,526,734,480,455,536,587,425,544,657,528,453,509,539,589,509,535,577,575,522,514,560,534,502,584,572,774,488,544,541,538,544,506,523,507,554,554,551,537,537,519,547,529,544,534,411,496,511,541,597,552,729,561,488,512,594,515,525,466,523,599,576,440,491,532,567,534,582,541,542,541,505,600,534,518,740,559,490,375,534,509,559,514,537,531,595,499,493,400,529,526,568,526,580,622,599,444,543,455,712,193,531,519,542,561,572,575,544,565,389,570,581,547,553,572,600,348,516,494,457,479,491,508,712
"(4.75,5]",634,569,482,445,545,513,562,494,531,525,551,557,565,416,580,553,523,526,522,535,498,552,549,771,535,535,564,595,550,587,545,582,513,560,553,562,548,533,509,547,510,437,544,515,607,526,562,777,447,580,493,533,515,564,526,522,439,577,556,548,493,530,506,536,428,520,334,188,541,519,713,598,523,551,514,527,558,548,624,468,550,263,483,536,567,478,548,530,462,537,583,514,503,551,760,528,552,535,546,604,547,568,570,534,630,553,579,522,521,561,550,547,526,457,487,248,527,763,390,496,513,547,575,563,580,536,595,547,586,0,0,584,559,541,552,562,514,433,508,551,587,775,566,538,538,473,505,579,494,580,574,563,554,495,521,530,548,586,589,553,545,585,555,461,525,720,499,573,519,510,544,594,568,571,566,541,542,526,587,553,523,431,527,539,430,448,533,589,515,508,775,458,498,533,576,553,502,542,517,557,563,439,534,508,548,561,540,540,555,551,553,650,534,582,759,588,536,381,516,507,532,525,554,553,563,550,494,435,555,532,523,604,540,564,584,521,577,466,755,275,497,564,503,533,540,573,579,568,447,539,616,508,533,535,549,380,537,548,470,530,541,529,740
"(5,5.25]",489,561,533,494,517,561,562,525,540,513,539,511,538,463,582,496,522,510,519,547,529,529,600,762,562,520,437,559,466,563,552,542,595,599,542,527,525,541,549,479,539,474,526,544,528,556,551,810,427,565,539,584,539,530,507,526,452,558,516,544,453,529,529,558,442,513,368,177,535,549,827,566,536,563,576,541,493,503,607,486,570,277,468,547,589,513,545,525,526,554,578,596,531,538,754,559,574,485,553,462,538,598,573,541,530,563,584,498,401,357,550,543,519,549,505,441,546,795,360,556,517,541,565,510,520,548,529,559,532,0,0,532,544,543,462,564,558,538,543,554,561,802,494,554,525,493,456,551,450,587,495,516,581,574,596,550,538,597,522,555,580,542,564,568,554,783,514,561,519,551,541,526,521,585,555,591,541,562,520,521,522,513,499,543,366,382,530,532,557,530,813,560,527,527,581,546,557,511,587,531,574,486,551,548,548,540,531,536,526,520,546,689,559,534,802,573,531,401,507,487,534,517,549,564,581,547,531,473,565,570,534,565,547,538,558,510,537,506,761,259,554,556,518,575,550,561,593,518,530,555,601,567,596,549,558,415,544,517,505,510,448,522,756
"(5.25,5.5]",479,588,433,442,552,544,488,532,486,482,551,557,485,409,568,546,504,528,529,514,518,557,519,815,511,528,444,512,516,533,565,541,517,544,511,556,547,565,569,465,513,443,520,492,567,535,559,778,423,562,563,529,519,517,450,545,458,543,536,558,452,499,482,504,426,446,402,185,524,525,754,530,535,528,551,523,553,497,588,445,507,311,491,558,570,471,510,547,447,531,576,506,501,542,732,532,553,469,554,494,572,595,564,582,409,562,567,455,515,516,483,543,529,472,470,381,547,810,452,510,503,557,567,542,547,526,543,495,556,0,0,508,523,536,495,544,539,523,516,490,547,816,551,541,559,506,463,549,466,542,438,562,593,510,527,580,556,600,524,550,523,560,551,486,574,768,497,513,543,555,535,534,560,531,514,559,568,532,540,558,547,489,544,565,486,487,537,551,481,515,761,531,526,544,553,520,550,548,566,555,537,509,530,524,544,530,531,572,569,495,585,548,528,562,808,529,560,441,490,468,553,534,534,579,540,534,487,447,573,525,564,538,531,578,565,508,599,497,730,272,535,571,467,527,574,569,543,527,470,542,547,513,586,524,551,439,549,549,465,488,501,569,737
"(5.5,5.75]",423,522,445,491,518,531,474,480,501,465,522,489,483,417,458,537,512,504,445,525,500,522,554,765,554,458,399,502,505,557,515,483,539,500,537,510,505,507,477,507,520,402,471,476,508,504,538,718,386,517,546,540,513,494,480,517,404,581,522,558,426,513,452,512,369,493,440,224,508,514,750,574,520,505,530,479,525,492,526,467,505,345,453,535,501,438,520,546,481,504,505,495,557,526,691,517,502,450,492,415,505,518,540,539,452,500,501,496,502,417,493,531,515,511,525,338,524,696,477,476,565,544,523,528,494,517,490,515,522,0,0,566,568,561,513,550,502,423,488,518,542,720,559,474,547,500,497,536,484,534,491,471,529,540,556,506,531,528,474,536,563,518,545,523,492,739,496,518,555,527,534,550,520,570,518,537,516,493,552,564,518,527,535,491,419,484,493,505,533,478,770,543,498,525,532,519,511,559,511,552,528,503,469,527,501,553,501,551,514,521,567,570,523,542,718,511,476,446,473,528,500,531,525,592,511,529,489,466,503,506,557,547,518,575,553,520,522,499,672,312,555,507,510,544,529,510,502,498,493,510,548,507,558,569,528,425,496,520,481,496,498,519,775
"(5.75,6]",496,505,358,424,440,493,489,498,510,441,481,496,491,336,498,503,509,495,433,512,526,504,518,699,470,439,411,477,484,471,459,459,516,492,432,452,455,526,467,423,507,417,430,446,458,487,480,691,385,472,490,502,499,476,423,508,395,468,496,494,374,470,475,512,373,463,444,225,508,446,689,493,487,498,503,507,534,445,470,451,461,366,443,504,507,434,455,485,522,495,517,518,488,501,654,475,543,422,489,446,516,493,516,471,480,482,514,438,391,447,483,533,499,493,482,433,528,693,405,508,524,500,518,488,472,515,503,487,530,0,0,470,485,459,509,498,501,540,508,500,499,708,456,438,483,478,486,498,396,449,525,482,488,431,506,524,493,482,504,543,496,490,542,527,467,674,529,515,472,496,473,489,511,475,468,563,492,506,496,470,537,470,470,491,429,471,492,450,489,490,614,501,494,472,468,470,475,555,518,518,527,478,498,471,461,441,463,518,493,493,520,531,484,495,658,534,486,425,493,480,479,510,520,511,488,508,471,450,468,510,505,481,503,494,526,506,465,454,712,301,467,493,485,502,504,520,560,496,445,478,505,530,476,475,493,458,494,536,487,512,441,495,700
"(6,6.25]",421,411,367,420,442,440,410,446,419,421,460,468,467,352,439,425,460,453,450,438,447,472,502,603,468,440,372,453,439,442,440,421,478,485,475,421,484,470,462,449,429,349,444,420,444,453,469,634,380,430,478,485,467,450,394,463,379,494,438,551,356,417,381,425,309,400,395,274,461,432,657,448,469,489,430,422,476,450,438,426,463,388,399,450,442,386,463,475,435,455,465,454,473,476,618,454,446,426,427,399,465,488,452,466,439,447,441,431,438,468,449,450,441,421,486,326,439,636,440,482,411,432,450,453,455,482,444,418,471,0,0,479,458,461,456,487,460,449,452,463,469,634,482,452,435,423,435,463,473,428,446,479,457,497,466,448,513,472,454,460,441,449,485,446,466,644,431,438,438,472,467,470,465,485,462,482,441,484,456,428,456,495,458,507,409,519,457,437,451,393,641,480,477,450,456,459,425,471,475,484,444,439,439,455,472,472,438,506,481,457,449,466,459,498,623,452,466,452,428,440,416,470,460,476,424,479,432,464,436,436,429,431,424,499,453,448,439,439,596,332,448,499,474,464,483,466,457,459,504,507,498,491,464,456,485,435,459,479,431,456,427,492,617
"(6.25,6.5]",334,372,334,377,393,414,372,418,415,375,430,433,388,314,403,396,439,395,387,411,409,411,441,590,441,434,347,391,366,429,378,437,423,432,431,427,436,415,397,366,417,306,402,385,414,381,435,573,311,465,453,436,424,407,357,442,334,454,446,416,308,427,400,404,293,363,393,297,386,385,587,401,391,442,408,430,422,411,390,405,407,375,385,423,439,373,428,395,438,449,426,414,445,416,557,402,459,392,410,332,429,440,441,428,364,422,435,396,365,387,403,412,431,402,397,398,446,601,384,457,449,418,415,421,429,382,423,448,444,0,0,442,447,419,448,424,408,447,411,452,441,574,367,437,423,430,456,405,400,416,426,424,441,426,429,434,442,420,412,454,451,423,452,463,438,598,405,389,431,395,425,412,401,447,442,438,447,439,411,426,415,435,462,436,370,438,457,406,434,448,564,399,430,425,421,421,427,505,422,458,418,449,426,450,438,435,347,472,437,403,435,424,424,443,565,429,402,406,412,434,434,429,417,423,440,465,422,435,390,389,393,404,407,466,418,440,406,488,575,328,407,479,437,466,416,445,431,432,432,418,449,426,416,421,431,468,442,433,465,466,422,423,582
"(6.5,6.75]",349,346,304,372,338,323,335,377,379,310,359,372,349,306,354,360,373,392,348,411,381,364,376,512,376,372,303,369,337,342,349,344,364,351,359,346,355,369,353,336,400,286,364,321,370,344,404,510,270,355,408,379,395,355,338,351,308,388,407,416,296,325,364,366,267,346,372,271,348,361,538,418,370,388,345,382,392,355,325,363,392,368,340,400,385,334,376,393,372,377,418,415,399,379,512,399,356,320,376,331,390,385,378,390,375,403,398,337,361,306,377,406,385,359,387,339,391,519,404,386,402,387,352,356,405,371,402,379,420,0,0,420,379,396,388,335,382,393,374,360,350,525,381,410,388,407,396,384,411,440,398,409,426,322,404,403,380,369,373,417,390,366,421,354,370,479,361,318,368,408,368,365,359,361,391,384,343,365,382,391,412,394,380,398,335,397,365,367,384,400,530,413,357,390,383,342,341,435,414,379,354,415,368,396,383,371,314,374,397,392,374,415,407,397,521,352,366,355,358,354,365,427,399,414,355,383,381,376,369,350,367,341,372,427,394,374,370,363,546,337,373,412,387,373,374,422,411,408,434,411,406,365,397,409,384,377,359,394,362,412,365,388,514
"(6.75,7]",280,314,257,317,270,320,298,346,324,322,333,304,341,253,349,334,315,343,333,409,334,334,319,416,373,280,244,311,287,302,291,316,315,367,304,335,358,348,315,298,368,253,309,277,323,324,340,465,264,338,349,335,334,324,261,307,253,363,307,364,267,306,312,333,232,317,327,270,332,320,449,323,349,365,333,332,318,334,298,351,302,334,307,338,329,306,310,374,312,338,329,343,331,390,424,334,324,288,366,270,341,339,344,356,309,314,325,322,325,367,364,342,354,335,328,363,300,393,338,341,345,356,346,328,347,334,347,326,348,0,0,354,303,357,361,310,313,316,360,322,336,442,364,358,337,322,352,335,346,300,325,339,299,337,306,335,346,352,332,331,312,328,380,328,330,456,328,321,322,317,342,309,320,350,318,350,363,339,361,333,348,365,338,355,314,392,410,349,337,331,394,384,328,322,315,361,321,363,335,335,340,371,356,342,336,308,319,381,327,329,300,342,296,329,413,326,364,374,342,335,338,356,360,353,359,392,349,356,324,292,325,349,331,376,365,368,344,391,460,351,349,337,311,354,351,368,338,340,361,385,358,338,354,316,348,368,364,386,358,360,326,364,440
"(7,7.25]",234,264,185,274,231,251,248,271,277,242,304,292,292,205,286,293,291,279,273,262,258,282,282,366,280,258,205,259,246,271,257,261,295,293,247,271,297,317,248,248,263,208,280,259,280,265,269,330,238,254,281,273,299,270,241,296,247,299,265,280,221,242,271,269,227,262,317,310,304,277,357,301,316,280,280,294,294,287,242,301,256,335,268,285,270,225,258,306,289,261,298,319,325,280,376,271,289,257,263,241,260,282,299,261,236,291,296,296,264,278,266,279,294,321,296,295,260,356,332,302,253,299,301,292,319,300,271,278,308,0,307,286,307,301,317,282,301,313,319,304,306,334,305,283,303,271,309,291,272,289,302,303,284,258,255,304,279,301,301,318,281,306,318,281,289,365,296,270,265,296,270,285,269,296,276,270,291,303,298,271,310,322,302,312,249,329,337,278,286,292,368,323,291,322,262,298,286,288,276,311,282,315,294,311,280,271,239,303,294,278,281,289,292,296,362,306,279,287,276,302,284,337,304,289,291,298,304,340,268,262,287,276,294,304,302,307,274,327,349,326,266,314,307,307,270,316,288,267,333,298,305,324,271,276,292,325,273,298,309,327,267,296,342
"(7.25,7.5]",195,195,190,245,185,227,207,254,260,218,224,237,235,190,211,251,254,239,245,256,276,243,243,274,232,208,201,213,213,196,204,232,223,228,237,225,245,237,247,204,226,192,237,209,238,214,229,309,184,232,266,261,256,249,206,273,212,263,251,267,189,220,226,218,170,209,263,283,233,212,312,255,246,272,224,228,251,235,183,271,225,287,222,258,243,222,264,292,229,264,255,259,256,246,275,212,243,219,244,215,260,217,220,251,178,255,256,240,215,245,232,279,243,245,271,232,258,295,282,283,261,258,263,235,254,278,227,247,241,0,0,247,264,229,230,243,266,274,261,247,229,293,255,280,264,234,265,254,292,235,230,248,227,231,246,247,257,241,238,254,233,230,273,274,248,286,260,231,244,253,256,244,241,234,274,244,235,259,261,267,289,230,255,226,239,278,290,216,238,237,262,241,245,233,252,240,235,283,258,268,232,272,252,239,252,252,203,238,232,272,249,242,232,258,256,248,241,233,236,255,230,299,242,256,241,272,270,265,236,241,201,229,224,281,259,273,246,266,298,298,236,253,251,256,274,246,235,257,302,245,246,289,252,255,243,288,250,253,251,250,240,235,304
"(7.5,7.75]",147,170,167,203,160,177,184,193,203,170,204,196,204,148,194,204,200,219,188,229,215,209,184,211,201,167,162,195,164,177,154,196,195,185,170,193,195,202,179,191,209,154,180,151,193,162,179,220,154,166,213,237,205,201,189,222,182,185,182,216,173,182,200,191,156,183,224,235,205,191,244,223,222,241,186,230,210,194,144,236,192,242,192,219,201,203,195,216,199,210,220,228,221,213,208,182,182,192,212,152,212,213,214,200,174,195,202,204,227,213,194,193,196,212,228,224,199,220,222,227,223,175,192,173,189,218,195,195,245,324,0,240,212,205,225,204,196,222,225,205,208,218,198,221,211,220,212,185,201,203,213,219,207,202,195,199,224,205,206,224,216,226,219,213,210,215,200,192,205,205,205,215,204,183,209,230,206,206,191,222,213,241,240,215,191,246,185,198,212,184,230,238,197,219,175,183,190,243,206,197,203,239,179,194,221,192,146,239,227,216,205,200,224,198,240,181,171,209,212,217,208,240,217,207,206,214,239,225,195,202,199,190,186,202,190,243,171,231,216,233,212,206,230,194,219,203,216,222,242,199,183,224,211,231,214,227,210,241,204,208,227,189,240
"(7.75,8]",124,146,121,176,120,146,135,160,157,152,153,172,148,140,140,132,169,136,167,183,167,168,171,181,147,144,113,130,122,139,125,154,137,156,150,136,158,153,137,135,183,129,179,144,159,140,151,161,156,157,168,169,159,171,146,153,138,148,162,159,123,135,130,157,130,148,176,207,139,159,173,150,169,162,153,180,174,167,134,198,151,203,161,190,182,173,158,181,171,169,186,157,177,191,198,135,175,160,151,140,151,170,156,161,171,142,161,172,163,205,171,183,164,190,164,167,153,184,206,210,197,160,169,153,157,165,155,177,173,0,0,187,161,165,183,149,191,194,209,182,163,182,173,168,160,154,194,162,178,175,171,188,163,176,173,173,169,176,187,166,153,144,179,173,161,198,171,165,170,188,146,160,146,152,186,176,168,139,186,170,184,213,185,182,150,197,182,149,160,195,167,182,148,160,163,146,173,191,169,173,144,206,190,181,199,157,147,188,156,159,154,172,164,179,175,168,166,160,167,175,154,184,184,176,164,194,176,150,158,152,152,164,172,175,166,190,153,197,180,212,175,181,197,173,149,180,164,168,199,184,171,170,181,171,159,218,169,209,189,169,163,169,184
"(8,8.25]",111,115,105,142,113,93,133,147,151,118,128,145,117,101,92,120,159,127,115,147,150,150,143,132,124,112,125,111,112,112,120,118,117,123,126,131,119,127,104,123,117,88,131,135,133,147,128,143,110,110,154,132,139,111,114,131,118,120,113,151,122,107,144,123,101,117,135,172,121,127,131,126,105,152,132,160,130,138,97,163,115,164,138,167,130,134,130,124,138,137,145,155,146,122,130,124,130,130,135,101,145,137,126,121,118,122,142,150,127,134,134,118,144,157,155,169,122,134,176,134,137,120,144,133,140,132,125,127,133,0,117,135,118,139,116,120,156,153,139,142,139,135,141,158,151,113,150,135,168,153,148,141,141,140,134,134,138,128,137,124,129,123,150,148,151,137,127,124,130,154,129,139,115,150,129,117,128,137,133,128,128,176,142,129,110,152,145,131,136,124,143,133,139,131,112,124,119,148,117,119,137,177,138,140,127,138,100,157,134,146,121,127,131,127,134,124,132,144,119,123,124,132,129,132,134,144,137,143,142,126,130,117,115,135,125,130,133,128,162,185,136,149,155,162,153,132,157,164,146,162,148,135,140,132,140,179,151,163,128,143,137,126,155
"(8.25,8.5]",86,104,80,108,71,115,95,119,117,99,99,100,118,111,94,96,109,102,114,87,100,104,89,93,105,91,83,103,92,72,90,86,87,97,113,105,99,113,95,95,118,85,94,94,92,106,109,105,122,94,107,103,114,116,114,108,94,104,112,107,83,94,87,94,101,93,111,145,96,111,88,110,102,114,83,105,115,118,79,143,98,121,107,98,81,116,109,112,108,120,103,103,121,107,103,68,99,99,115,100,108,84,113,101,99,90,100,107,102,118,88,110,105,98,122,108,97,105,148,105,102,114,107,116,101,111,109,120,113,0,0,97,120,114,110,114,117,108,121,125,111,108,115,106,111,129,112,114,128,98,124,112,93,108,110,100,109,105,117,103,103,91,130,111,107,104,117,82,103,112,108,101,82,114,97,125,117,101,114,109,114,125,101,106,109,151,113,109,114,101,112,89,103,127,94,99,82,119,87,109,88,112,97,98,113,109,70,109,103,126,114,108,100,104,107,100,96,113,105,95,90,113,119,99,94,87,106,113,87,99,101,77,92,114,112,118,85,133,103,133,108,119,108,127,95,95,108,116,153,113,99,133,108,106,111,143,102,105,118,111,95,106,106
"(8.5,8.75]",73,68,58,89,71,71,65,81,92,78,62,83,70,70,83,79,92,82,90,104,98,73,78,74,86,62,78,80,67,49,57,74,76,63,90,69,95,86,85,81,88,56,77,70,76,67,72,69,89,66,86,99,86,85,67,97,84,79,75,82,79,60,90,94,72,83,95,101,75,93,84,84,96,90,69,91,70,101,60,88,87,92,102,95,100,102,83,89,96,85,92,92,92,84,86,68,91,99,87,68,81,78,81,84,68,78,77,86,77,89,77,76,81,107,88,102,70,76,87,114,96,93,80,88,81,94,75,90,91,171,128,86,84,84,94,75,93,95,104,92,84,76,89,85,83,78,97,80,108,89,77,93,89,91,81,81,74,87,89,88,100,91,96,80,89,81,86,75,86,72,78,73,74,70,115,83,76,91,89,96,85,93,76,109,93,93,89,77,84,88,72,83,90,73,74,66,74,87,94,71,76,109,89,87,109,80,72,107,75,80,75,81,69,88,75,77,95,83,72,108,91,93,67,96,86,105,74,79,82,67,68,83,82,90,82,104,77,86,74,115,79,81,93,96,87,103,81,99,109,91,94,86,98,98,73,112,91,119,91,89,100,77,71
"(8.75,9]",64,42,53,73,51,63,56,67,70,68,70,72,64,60,44,59,61,74,73,77,61,62,58,45,67,62,61,63,46,56,32,61,56,56,64,74,65,54,54,64,78,52,73,68,74,54,70,54,56,54,82,68,76,87,63,85,62,55,69,77,58,59,49,62,67,74,70,96,66,56,46,61,53,62,62,84,68,60,41,78,61,70,65,75,53,67,64,68,66,59,78,62,72,69,50,63,58,76,69,47,64,61,59,71,61,78,65,75,48,84,59,69,70,81,67,86,52,49,91,90,89,62,81,60,85,71,74,78,56,0,0,88,72,70,74,69,72,51,90,72,72,47,78,78,64,72,63,60,81,61,64,88,71,72,58,57,70,52,54,70,62,52,75,64,74,52,73,69,67,72,73,59,54,50,55,65,53,56,64,75,72,79,83,65,74,78,71,54,64,62,60,83,76,65,57,53,69,76,70,86,53,77,70,66,78,73,47,75,69,74,57,64,64,78,55,70,69,59,63,77,62,72,81,74,63,87,68,63,66,66,53,70,66,68,66,56,43,71,55,107,70,69,77,61,75,65,73,74,99,74,64,74,72,78,69,104,71,86,61,60,67,66,60
"(9,9.25]",49,40,57,39,38,40,40,48,70,42,48,43,61,40,46,39,60,43,62,61,42,44,39,32,41,43,41,42,42,37,28,35,38,44,44,52,37,48,31,49,47,37,48,47,40,55,44,35,64,43,62,59,41,46,41,47,55,45,43,50,56,52,61,50,56,51,57,71,44,46,40,45,49,54,49,56,49,52,51,60,55,59,66,50,41,64,55,58,62,47,51,56,60,61,38,32,52,54,56,50,60,53,54,40,38,61,46,47,57,61,59,54,55,60,46,60,53,34,53,58,60,49,43,56,47,46,46,56,48,123,130,49,44,44,45,52,51,53,49,54,58,40,51,43,56,50,60,43,59,55,51,48,41,45,51,69,46,49,48,48,53,51,56,58,47,35,52,31,51,35,43,45,48,58,36,52,60,54,45,40,56,47,59,47,57,50,52,51,53,63,31,71,43,49,48,56,52,48,46,41,52,56,51,45,49,41,50,42,50,48,56,39,51,59,30,38,50,57,54,41,52,53,47,50,53,45,37,57,41,38,54,34,44,59,52,55,47,51,33,66,55,53,53,58,46,50,49,47,59,55,64,54,45,56,44,56,54,52,57,66,52,53,31
"(9.25,9.5]",36,33,30,31,26,34,27,34,39,34,37,36,37,45,37,34,36,28,39,38,41,24,31,27,32,20,42,24,38,30,29,41,25,35,34,32,40,41,40,34,36,31,39,35,38,36,30,24,46,36,42,29,42,45,44,25,46,34,46,39,43,43,39,31,37,30,47,74,39,39,30,34,34,46,41,47,47,46,41,42,41,53,44,49,46,43,33,42,50,45,45,43,56,42,18,37,41,42,38,32,34,37,36,39,31,38,37,42,44,52,43,44,46,38,42,36,35,21,45,42,39,41,31,29,35,35,31,33,38,0,98,46,41,28,32,31,41,28,30,47,37,25,41,42,34,28,39,33,42,36,38,37,39,47,29,29,42,44,36,45,35,32,45,38,29,23,44,42,37,32,26,34,40,28,45,36,36,34,32,43,32,50,51,34,36,36,38,36,27,34,20,30,34,39,32,44,24,43,48,28,41,47,37,37,39,43,34,43,43,35,30,33,41,29,24,53,33,37,38,42,34,38,46,31,35,41,43,36,41,44,33,36,31,45,37,40,36,46,30,56,42,39,48,26,29,36,39,40,42,30,34,43,43,32,48,35,36,37,52,41,37,39,33
"(9.5,9.75]",18,24,27,27,24,27,24,25,29,25,27,29,21,30,27,28,25,28,28,25,28,23,26,15,20,22,27,21,18,25,12,28,21,19,20,30,26,32,31,26,28,30,32,23,19,26,22,17,41,18,23,20,25,28,32,26,29,25,21,30,31,33,29,28,22,37,26,40,27,29,9,31,36,31,27,31,21,39,35,33,25,25,36,20,28,29,28,24,31,34,33,40,39,33,18,29,32,42,30,29,27,34,29,26,20,30,25,31,34,30,38,22,27,40,26,27,34,18,25,23,38,22,37,18,23,24,32,41,21,86,83,28,20,30,27,33,23,20,23,25,26,13,22,27,28,22,23,37,23,39,26,27,18,22,20,26,27,27,33,31,25,27,31,25,20,16,27,32,30,33,36,23,22,29,33,28,36,24,22,32,31,27,26,29,31,26,24,24,29,35,25,27,29,22,25,21,23,26,25,32,24,35,28,29,22,30,36,32,22,27,26,29,21,21,21,30,24,28,21,28,34,27,32,28,23,32,34,34,22,26,26,30,34,20,31,25,20,26,18,36,33,27,39,33,29,27,29,21,34,41,31,29,29,23,32,39,29,18,30,37,33,34,20
"(9.75,10]",15,19,21,15,18,20,24,16,19,31,24,11,20,19,20,23,12,23,16,22,25,24,21,11,18,18,14,15,20,13,22,15,24,20,22,16,21,15,20,22,18,23,18,16,16,20,25,15,28,24,16,25,13,24,30,25,23,23,16,18,24,24,18,19,21,21,24,23,22,19,14,19,26,16,20,38,25,25,21,22,25,18,25,16,23,21,22,32,16,22,17,15,19,16,18,19,22,25,21,24,19,17,24,12,19,28,18,22,15,24,26,18,25,20,24,26,25,15,21,25,26,13,18,25,22,19,13,20,22,60,35,17,24,13,19,15,8,23,17,13,17,16,16,19,17,18,9,19,20,18,21,22,14,21,20,17,20,17,11,19,14,22,20,21,23,12,24,27,21,22,15,18,15,17,25,12,18,29,17,18,20,22,24,15,22,24,26,16,16,16,12,21,17,18,10,16,15,26,24,15,10,24,25,24,28,14,21,11,16,16,18,24,20,17,12,13,19,11,22,31,26,19,16,18,14,19,32,20,22,15,24,18,28,18,19,18,20,20,14,38,14,26,29,29,16,19,13,18,28,21,20,19,19,25,24,27,18,16,13,15,21,24,8
"(10,10.2]",9,15,14,17,17,24,11,16,14,13,14,7,12,28,15,16,19,25,18,16,8,12,12,9,19,13,17,9,13,15,8,13,14,22,23,14,11,9,10,18,10,13,10,17,10,15,16,8,19,21,10,14,18,13,20,15,28,19,15,16,20,7,24,11,18,16,18,17,20,17,10,11,14,13,8,10,8,18,13,33,13,15,22,11,8,25,21,18,16,11,11,17,19,20,8,15,16,15,14,12,14,6,11,19,10,15,10,11,10,11,18,20,21,14,17,20,13,12,12,15,16,15,16,13,9,12,8,15,12,34,53,11,9,11,20,12,17,10,22,17,14,13,11,19,13,18,14,17,14,18,14,15,16,15,15,12,14,13,16,20,13,9,10,12,10,16,16,16,18,13,14,9,17,13,17,8,11,6,16,14,15,18,19,19,19,17,9,17,11,15,14,12,19,14,13,22,16,19,13,18,14,12,14,23,15,12,15,10,11,14,17,20,12,19,14,15,12,14,17,13,16,16,14,16,11,17,9,23,14,11,11,11,10,18,17,15,12,21,7,17,14,15,13,9,13,17,13,17,15,9,20,16,12,10,12,22,13,15,16,11,21,20,8
"(10.2,10.5]",13,16,12,10,6,14,10,14,12,16,14,16,14,22,12,14,11,10,8,14,10,7,11,12,11,15,14,17,8,10,14,5,7,15,8,15,12,12,12,10,12,14,6,16,15,13,10,9,13,6,8,14,8,8,17,17,17,15,9,13,15,15,12,8,18,14,12,12,16,13,9,11,13,11,11,13,15,10,9,16,16,14,16,12,13,23,17,14,10,15,19,10,14,9,7,8,15,18,7,12,17,18,12,13,13,9,12,10,13,9,6,10,11,19,12,15,13,10,11,11,8,13,15,8,12,10,9,15,12,25,24,12,9,6,10,13,14,14,7,11,5,11,11,19,10,12,15,11,12,6,15,12,9,12,13,11,12,9,7,9,7,15,13,11,9,6,19,11,13,15,10,11,14,19,14,13,13,10,10,10,14,14,9,8,18,4,15,14,14,12,9,13,12,10,11,12,8,15,12,11,13,14,14,10,9,16,11,13,10,6,12,13,11,9,8,10,18,16,9,13,9,9,20,17,14,9,12,9,9,15,11,13,8,11,8,11,11,14,9,14,10,9,11,8,13,14,12,12,6,15,10,12,13,7,12,15,16,19,13,15,17,8,12
"(10.5,10.8]",12,7,8,17,9,12,9,12,14,12,10,11,10,9,7,10,12,12,11,10,8,9,6,4,8,7,8,12,7,5,11,6,12,9,15,14,7,15,8,9,8,6,12,10,9,11,10,4,19,9,14,8,8,12,13,17,13,9,7,11,17,7,12,10,22,14,7,14,5,9,3,8,15,8,5,8,8,16,6,15,11,8,10,10,11,16,13,13,11,15,11,6,7,10,8,12,10,10,12,8,7,7,11,9,6,11,8,12,10,17,8,10,13,13,7,4,9,5,8,9,5,8,4,11,13,12,7,9,8,20,16,16,14,10,13,10,6,9,9,9,10,6,9,6,11,6,13,9,7,6,10,11,9,12,6,10,8,9,7,13,14,10,13,14,13,8,9,11,12,9,11,5,8,12,8,10,15,12,10,4,18,7,13,10,11,13,9,9,8,14,7,9,11,13,9,10,13,11,12,13,11,6,16,14,11,9,11,8,8,10,12,4,16,15,10,15,7,8,13,8,11,13,7,7,8,11,13,13,14,9,10,6,12,13,12,13,9,10,5,11,8,13,10,10,11,4,9,9,7,17,11,10,12,12,8,5,10,13,11,13,6,6,8
"(10.8,11]",11,5,8,5,8,9,7,8,11,14,7,11,5,11,7,10,10,7,15,8,11,4,9,3,19,6,8,5,8,4,8,13,9,11,6,9,10,9,10,14,11,8,14,12,10,8,17,6,12,8,11,8,11,9,7,5,8,11,5,11,11,8,5,8,7,10,6,11,6,10,2,9,7,14,5,9,7,6,7,6,14,10,9,7,5,10,9,4,6,3,9,15,6,7,8,8,8,13,7,5,9,11,8,7,8,8,10,14,11,9,7,11,9,7,11,4,8,7,11,9,10,11,7,6,10,12,8,10,9,23,14,6,7,10,8,1,11,3,7,10,11,4,7,8,14,11,8,7,5,6,9,8,7,6,12,8,6,9,8,12,6,7,10,8,10,3,8,8,7,9,10,10,14,5,6,10,8,10,9,11,11,7,8,8,6,8,9,7,13,6,6,13,10,10,4,9,10,6,11,10,10,6,9,4,7,6,6,6,8,14,8,9,8,9,5,9,9,12,6,6,4,8,8,6,5,9,6,8,6,8,3,12,4,5,7,3,7,6,10,8,7,6,8,8,10,8,11,8,5,5,9,7,13,8,8,7,8,11,9,9,3,6,9
"(11,11.2]",4,4,6,3,6,7,7,8,9,5,10,4,3,10,8,5,5,9,5,7,4,10,9,2,5,2,7,6,2,8,5,9,5,6,6,7,7,6,4,7,8,7,6,9,9,4,5,4,14,10,12,5,10,9,7,6,8,5,8,8,14,6,9,3,5,4,7,6,14,4,8,10,4,3,14,3,5,10,11,6,9,7,2,12,10,12,5,10,10,7,5,9,10,4,3,6,9,7,6,8,6,3,7,8,10,10,8,8,7,10,9,7,10,1,7,7,11,2,6,9,7,8,8,8,5,6,8,8,7,16,14,2,7,6,7,9,9,8,6,8,4,5,7,11,5,6,8,6,8,9,5,5,6,8,7,7,12,10,11,5,10,6,3,7,11,7,6,9,9,4,9,8,6,6,6,10,8,9,4,14,1,9,3,5,5,7,9,6,7,3,4,10,5,10,4,8,5,6,8,4,9,7,8,7,7,10,9,13,9,7,9,6,7,7,4,10,5,6,7,10,12,6,8,7,9,6,6,9,4,8,11,6,12,5,12,7,5,2,7,9,4,10,7,9,12,9,9,8,4,3,7,8,9,4,11,9,5,9,12,5,5,6,5
"(11.2,11.5]",1,6,8,5,5,6,5,3,8,6,7,8,10,4,7,7,5,4,5,6,4,6,5,8,6,7,6,4,6,3,3,4,2,3,7,4,2,4,4,3,7,3,6,2,4,8,9,5,7,5,4,8,9,6,8,3,6,11,11,3,8,9,3,6,4,3,5,2,6,4,5,8,5,6,7,8,4,7,7,9,7,4,7,6,10,9,8,5,5,7,4,7,7,9,3,7,4,4,13,3,10,9,5,5,7,5,4,5,4,3,6,9,3,2,4,8,3,8,5,8,5,9,7,5,8,5,7,3,8,11,11,6,7,6,4,7,7,2,6,8,5,5,4,3,6,4,7,8,4,10,8,3,7,6,6,8,6,8,7,6,8,6,4,4,2,4,8,2,10,6,3,7,3,6,6,4,4,7,10,6,6,6,7,6,7,1,2,5,2,7,6,4,5,9,8,9,9,6,0,2,3,9,1,7,3,7,6,7,7,10,4,4,3,7,6,8,6,4,6,4,4,2,7,3,7,9,6,8,6,4,3,3,6,6,7,4,8,9,4,10,6,7,9,10,9,6,4,3,2,4,6,7,6,8,9,6,5,6,4,6,13,4,5
"(11.5,11.8]",6,4,5,4,6,4,5,3,1,2,4,2,7,4,7,5,3,7,5,5,7,4,3,5,4,6,4,3,6,7,4,8,7,2,4,2,3,2,4,4,10,2,5,7,6,7,2,2,7,7,6,2,7,3,6,4,5,2,5,3,2,6,7,6,3,4,4,8,6,7,4,3,5,7,6,3,5,4,3,3,5,4,6,0,3,4,9,4,6,8,3,4,5,8,5,5,5,5,5,3,5,5,5,4,2,6,5,3,3,4,7,4,5,3,3,1,8,2,5,3,1,4,7,5,8,5,6,5,3,10,6,8,6,5,8,6,6,3,7,5,12,4,6,4,5,6,3,4,3,5,6,1,8,6,6,6,4,4,2,5,7,4,7,4,7,5,5,5,3,4,12,6,6,10,4,7,9,3,7,6,2,3,6,7,4,4,5,4,7,5,1,4,3,3,6,4,7,3,5,8,5,3,10,4,13,8,6,4,6,2,6,4,7,5,1,4,7,4,7,3,6,8,3,3,8,1,5,3,9,4,11,8,4,5,1,4,7,10,3,6,7,7,4,4,2,6,3,4,4,5,3,5,5,4,3,4,2,5,5,6,7,9,1
"(11.8,12]",2,3,1,1,5,3,3,5,1,3,3,9,2,3,4,5,2,2,3,4,1,3,2,4,7,4,3,2,6,6,4,2,5,4,0,3,8,8,2,4,2,3,3,3,3,4,2,5,7,6,6,5,3,7,4,4,4,3,2,5,7,0,5,4,6,3,5,5,3,4,4,4,3,3,5,3,4,3,7,5,2,2,7,5,6,2,3,3,2,7,6,3,2,6,3,7,1,6,2,0,3,4,3,8,2,5,6,5,5,3,4,4,4,5,4,2,1,2,3,2,4,5,0,3,2,5,7,2,4,4,5,2,3,9,2,7,4,9,1,2,5,3,7,2,2,5,3,5,4,3,5,7,2,2,4,3,0,4,5,3,4,5,3,5,6,3,2,5,1,4,3,3,3,3,5,2,3,5,2,3,4,1,6,2,4,1,6,8,4,4,3,4,3,4,10,4,3,2,5,2,4,5,4,3,5,6,8,7,3,5,4,4,6,4,3,7,6,6,7,6,2,5,3,5,2,8,6,6,4,10,3,4,5,4,2,7,5,2,1,5,8,3,1,2,5,3,6,4,2,2,6,2,4,7,5,2,5,2,6,3,3,6,2
"(12,12.2]",1,2,4,4,4,2,3,0,3,4,2,4,2,3,4,1,3,1,2,3,3,2,4,0,5,2,3,5,8,3,3,3,5,3,4,3,3,3,3,6,3,3,5,3,10,3,3,0,1,5,3,6,3,1,2,5,2,3,3,1,4,3,3,2,4,2,3,3,4,1,2,4,4,3,5,3,5,7,7,4,2,3,2,2,1,5,4,4,6,1,3,3,3,3,2,4,3,5,3,8,2,4,3,1,2,4,2,2,2,6,5,2,4,5,3,5,3,1,4,5,3,4,0,4,2,4,5,2,6,5,6,3,2,2,2,6,4,3,3,4,3,0,2,3,1,4,2,2,1,5,2,4,4,4,2,2,6,6,6,4,1,3,4,4,3,0,4,6,6,4,2,3,3,3,2,1,1,3,4,0,2,3,0,7,0,4,4,3,6,1,1,3,3,4,2,4,4,1,3,6,3,3,2,1,2,4,6,3,6,0,2,6,3,6,1,0,3,6,4,3,7,3,4,3,1,3,1,1,4,3,8,5,5,4,6,2,4,3,1,6,2,2,4,2,6,6,4,4,3,7,5,7,1,1,3,7,3,0,2,2,2,1,2
"(12.2,12.5]",2,1,1,3,6,3,1,3,3,3,2,2,2,5,2,2,4,1,2,4,3,1,5,1,0,4,2,2,4,1,5,4,2,3,2,3,3,1,4,4,4,2,1,5,2,2,5,3,4,1,1,3,1,2,4,1,5,1,7,5,1,2,3,4,6,2,1,2,5,3,0,4,3,0,5,4,6,2,5,1,3,2,0,3,0,1,3,3,1,4,4,2,4,2,3,0,3,3,3,4,2,7,4,4,4,2,3,0,3,4,6,4,5,3,0,1,3,1,5,4,4,3,4,3,3,3,0,6,4,4,3,3,4,2,5,1,1,3,4,4,2,0,5,5,7,3,4,2,1,6,6,3,2,1,2,4,4,1,2,2,3,2,2,2,4,0,0,1,4,5,3,0,2,3,1,3,1,2,2,3,4,2,5,3,6,4,4,3,0,6,2,5,5,0,0,2,2,4,4,2,5,3,2,5,2,3,5,2,4,5,2,3,2,2,2,0,3,4,2,5,3,2,2,3,4,2,3,1,1,2,2,3,3,2,2,3,2,3,2,1,1,1,6,6,2,2,3,2,5,2,2,1,4,5,4,2,5,1,3,1,4,0,0
"(12.5,12.8]",5,2,2,3,2,3,2,3,3,1,3,0,3,1,1,5,3,4,4,7,3,4,0,0,0,2,3,2,3,0,2,3,2,3,2,1,1,4,3,4,2,1,2,2,0,1,3,0,3,5,3,2,2,4,1,4,1,6,0,3,5,6,3,3,1,3,2,3,5,1,1,4,4,6,3,2,3,1,3,1,3,4,1,3,4,2,5,4,0,5,4,0,1,3,1,1,3,1,2,1,3,1,4,1,1,5,3,1,5,2,0,0,2,2,2,1,1,3,1,1,4,2,5,4,4,5,1,3,2,2,2,2,3,0,3,2,3,1,3,6,6,3,2,3,2,5,1,2,0,0,1,3,0,3,3,0,1,1,3,3,2,0,2,4,0,2,5,2,2,2,1,2,1,1,2,2,4,6,1,7,4,4,1,2,1,0,2,4,2,1,3,2,2,6,2,3,2,1,3,2,4,3,2,3,0,5,3,3,1,2,6,2,0,1,3,5,1,2,3,3,2,2,2,5,3,2,3,4,4,2,3,5,1,2,1,4,3,3,1,1,3,2,0,2,3,2,2,1,0,4,4,2,4,3,2,0,3,0,3,4,5,4,1
"(12.8,13]",4,2,3,2,2,3,0,5,3,5,3,1,1,4,3,2,4,4,4,0,3,1,3,2,4,1,1,1,4,2,4,2,2,1,4,5,1,0,2,0,1,2,6,0,0,2,3,0,3,0,3,2,3,2,1,4,3,2,3,2,0,2,2,3,1,4,1,3,2,2,1,2,3,1,1,1,1,1,3,2,4,6,2,2,3,2,1,1,5,1,0,2,2,2,1,3,1,0,3,2,2,3,4,5,1,0,3,3,1,1,2,2,0,0,4,3,5,0,2,3,6,3,1,5,2,2,3,2,2,4,2,2,2,4,1,1,6,0,2,1,2,1,2,1,4,0,2,3,2,0,1,0,2,2,2,4,3,1,2,2,4,1,0,3,1,2,2,3,3,3,6,5,3,5,4,3,3,1,2,0,2,3,2,1,1,1,1,3,1,1,1,0,3,3,2,4,3,1,2,3,0,1,3,2,3,2,0,1,0,3,2,1,4,2,1,3,4,2,3,4,3,2,2,0,4,2,5,5,2,3,2,1,4,1,0,1,2,0,1,1,1,4,2,3,3,2,1,3,1,1,1,6,1,3,2,1,1,1,2,2,2,1,2
"(13,13.2]",2,1,0,3,1,2,4,2,3,1,2,4,2,2,2,1,0,3,3,0,0,2,1,2,1,0,2,4,2,1,2,2,1,1,2,3,0,0,1,2,1,1,1,3,3,0,1,2,1,1,1,2,1,2,3,3,1,1,3,2,3,2,2,3,1,4,3,2,0,1,1,0,2,0,1,0,2,2,2,0,0,0,3,1,1,2,2,0,1,0,0,2,1,1,1,2,0,2,0,2,4,0,2,2,4,2,3,1,3,2,1,0,2,0,0,2,2,2,0,1,0,1,3,2,1,3,2,1,0,1,1,0,3,2,1,4,1,5,2,2,0,1,3,1,1,4,1,1,2,2,2,1,1,1,4,5,1,4,3,0,2,3,0,1,3,1,1,1,2,0,0,1,2,1,1,2,0,0,5,2,0,2,1,0,3,1,1,1,4,1,0,0,2,1,4,2,1,2,0,1,2,0,0,1,1,1,2,0,4,1,2,2,2,2,0,2,3,4,1,2,2,1,2,3,3,2,2,1,3,4,2,1,2,1,3,1,1,3,2,0,3,1,2,1,1,0,5,4,0,1,0,2,0,2,1,1,0,3,0,2,1,1,1
"(13.2,13.5]",2,6,4,2,0,0,2,1,0,1,2,2,1,4,3,2,3,2,1,1,0,1,0,1,2,1,2,1,1,2,0,0,3,1,1,2,3,5,0,2,1,0,1,2,3,1,1,0,3,5,1,2,2,1,2,0,1,1,1,3,4,0,3,0,4,2,1,2,3,3,1,3,2,3,3,3,2,1,1,1,1,1,2,2,2,0,0,2,1,2,2,1,0,0,0,3,4,1,3,2,1,1,1,1,1,2,0,2,0,1,0,2,0,2,3,1,1,0,1,0,0,3,2,2,3,2,1,1,0,3,4,0,2,0,2,1,1,2,0,0,4,0,2,1,2,0,1,0,0,2,2,1,3,2,3,0,0,1,2,0,1,4,1,1,4,0,0,4,0,1,0,3,4,0,1,0,2,2,0,1,1,0,0,2,2,2,2,0,0,3,0,1,2,0,1,1,1,0,2,1,0,0,2,2,2,0,0,2,1,3,2,0,1,2,0,0,3,3,4,0,3,1,2,0,1,0,0,2,1,2,3,1,1,0,1,1,2,0,0,1,2,1,0,1,0,3,1,0,0,3,1,1,1,2,2,0,3,3,2,2,0,2,0
"(13.5,13.8]",2,0,1,1,1,1,1,1,1,2,1,0,5,1,1,0,2,0,2,1,2,1,2,0,0,0,2,1,1,3,1,0,1,1,0,2,2,0,1,0,0,2,0,2,1,1,0,2,2,0,1,0,3,2,1,1,1,1,1,1,0,3,2,2,1,3,3,1,1,3,1,1,2,0,1,1,1,1,1,0,3,1,2,1,1,1,2,2,0,1,1,4,1,2,1,2,3,0,2,3,2,2,2,1,0,1,1,0,3,1,1,2,1,0,0,1,2,0,4,2,1,1,1,1,1,1,3,0,3,2,4,1,0,2,0,1,1,1,0,1,1,0,2,1,1,2,2,1,0,0,1,0,2,2,0,2,2,2,1,1,1,0,2,2,1,1,2,1,1,1,2,0,2,0,1,1,2,2,1,3,2,1,1,2,0,0,1,0,0,0,0,1,0,1,1,0,1,1,1,0,2,0,0,0,0,1,3,2,2,0,0,0,5,1,0,2,2,0,1,3,1,0,0,1,3,0,1,0,3,0,1,2,1,1,1,0,3,1,0,1,0,0,2,2,2,1,0,0,0,1,3,0,2,0,1,2,2,1,2,2,2,1,0
"(13.8,14]",0,2,1,1,2,3,2,1,1,1,1,2,0,1,1,2,1,0,0,1,2,1,1,0,0,2,0,2,1,1,0,0,0,1,1,0,0,0,3,1,1,0,2,1,1,0,0,0,2,2,0,2,1,1,1,1,1,0,1,1,2,3,1,2,1,3,2,2,0,2,0,0,0,1,1,1,0,1,1,1,1,0,0,0,0,1,0,1,1,1,1,1,2,1,0,1,0,3,0,0,0,1,0,1,0,0,0,2,0,1,1,0,1,0,1,0,1,0,0,0,0,1,2,1,0,0,1,1,0,1,1,2,1,2,2,1,0,0,1,0,0,1,0,0,1,1,2,3,1,1,0,1,0,0,2,1,0,0,0,2,1,1,1,1,0,0,0,1,2,0,1,1,2,3,0,0,2,0,1,0,0,0,1,2,1,0,1,2,3,2,0,1,3,1,2,2,1,1,1,2,2,1,1,1,1,0,0,0,0,1,1,0,0,0,0,2,1,1,0,0,1,1,2,1,0,2,0,2,1,1,0,1,1,0,1,2,0,0,0,1,1,1,2,0,1,1,0,0,1,0,0,1,0,0,1,0,1,0,0,0,2,2,0
"(14,14.2]",2,0,1,1,0,1,0,1,1,0,1,1,0,1,0,0,0,0,1,0,1,2,2,1,1,3,0,0,0,0,0,0,0,1,1,0,0,0,0,1,0,2,0,0,0,0,1,0,0,1,1,0,1,2,1,0,1,1,0,0,1,0,0,0,2,0,1,1,2,1,0,0,2,1,0,0,0,2,1,2,2,2,0,1,1,1,2,0,1,0,0,0,1,0,0,1,2,1,0,2,0,2,0,1,2,1,2,0,0,0,1,1,0,1,0,0,0,2,2,1,2,0,1,0,1,0,0,1,1,1,1,1,0,1,1,1,0,1,1,1,1,1,0,0,0,1,0,1,0,0,1,0,2,0,0,0,2,0,1,1,0,0,1,0,2,1,1,0,0,2,0,0,0,0,1,2,0,1,0,0,1,0,1,0,0,0,0,1,0,2,1,0,0,0,0,0,2,1,0,0,0,2,1,2,1,1,1,1,0,1,1,0,0,1,1,0,1,1,3,0,0,0,0,1,0,1,2,0,1,1,3,0,1,2,1,0,0,2,0,1,0,0,0,0,0,0,1,0,0,0,1,0,1,1,0,2,2,1,1,2,0,0,0
"(14.2,14.5]",0,1,0,0,0,1,0,0,0,1,0,0,0,1,0,0,0,2,0,1,0,0,0,1,1,2,1,0,0,1,0,0,1,0,0,1,0,0,0,0,0,2,1,1,0,0,1,1,0,0,1,1,0,0,0,0,1,1,0,0,0,0,2,1,0,1,1,0,1,0,2,2,0,1,1,0,1,0,0,0,0,0,1,0,1,1,0,0,2,1,1,0,0,0,0,1,0,0,0,1,0,0,0,1,2,0,0,1,2,0,1,0,1,0,0,0,0,0,0,0,0,0,0,0,0,1,0,0,1,2,0,0,2,0,1,0,0,0,0,1,0,0,0,0,0,0,0,0,1,1,0,0,0,0,0,1,0,1,0,1,1,0,0,0,0,0,1,1,0,0,1,0,0,0,1,0,0,0,1,0,1,1,1,1,0,1,0,0,0,0,1,2,0,1,1,1,1,1,1,1,0,1,2,1,1,2,0,0,1,0,0,1,0,1,1,0,0,1,0,0,0,1,0,0,0,0,0,0,1,1,0,1,0,0,0,1,0,1,0,1,0,0,0,1,1,0,1,1,0,1,0,0,1,0,1,0,0,0,0,0,0,1,0
"(14.5,14.8]",0,1,0,0,0,1,0,0,0,1,0,0,1,1,1,1,0,0,0,0,0,1,0,1,0,0,0,0,1,0,0,1,1,0,0,0,0,1,0,0,1,3,0,0,0,0,0,1,0,0,0,0,0,0,1,1,1,0,1,0,0,0,0,0,0,0,0,0,0,1,0,0,0,0,1,0,1,0,0,0,0,1,0,1,1,0,0,0,0,0,0,0,0,1,2,0,0,0,0,0,1,0,1,0,1,1,0,1,0,2,1,0,1,0,0,1,2,1,0,0,0,1,0,0,0,0,0,0,0,0,0,0,0,1,0,0,1,0,0,0,0,1,1,1,1,0,0,0,0,0,0,0,0,1,0,0,1,1,1,0,1,0,0,1,0,1,0,0,1,0,0,1,0,0,0,0,1,0,1,1,0,1,0,0,1,0,1,1,1,1,1,0,0,0,0,0,0,0,0,1,0,0,0,0,0,0,2,0,0,0,0,1,0,0,1,1,0,1,0,1,1,1,1,0,0,0,1,0,0,1,0,0,0,1,0,0,0,0,1,0,0,0,0,0,0,1,0,0,1,0,0,0,0,0,0,0,0,0,1,0,0,0,1
"(14.8,15]",0,0,0,0,0,0,1,0,1,0,0,0,0,1,0,0,1,1,1,0,0,0,0,0,0,0,0,0,0,0,1,1,0,0,1,0,1,0,1,1,0,0,0,1,2,1,0,0,0,1,0,0,0,0,1,0,0,1,0,0,0,2,0,0,1,0,1,1,0,0,0,0,0,0,0,1,0,0,2,0,0,0,1,0,0,0,0,0,0,0,0,0,0,0,0,0,0,1,0,1,0,0,0,0,0,0,0,1,0,0,0,0,0,0,0,1,0,0,0,0,0,0,0,0,1,0,0,1,0,0,0,1,0,0,0,0,0,0,0,0,0,0,0,1,0,0,0,1,0,1,1,1,0,0,1,0,0,0,0,0,0,1,0,0,0,0,1,0,0,0,0,0,0,0,1,0,0,0,0,0,0,0,0,0,1,0,0,0,1,0,0,0,0,1,0,1,0,0,1,0,2,0,0,0,0,0,0,0,1,1,1,1,1,0,0,0,0,0,0,0,0,0,0,1,1,0,0,1,0,0,0,0,0,0,1,0,1,0,1,0,2,0,0,0,0,0,0,0,0,0,0,0,0,1,0,0,0,0,0,0,1,0,1
"(15,15.2]",0,0,1,0,1,0,1,0,0,1,1,1,0,0,0,0,0,0,0,0,0,0,0,0,0,0,2,1,1,0,0,0,0,1,0,1,0,0,0,0,0,0,1,1,0,0,0,0,0,0,0,0,0,0,0,0,1,0,0,0,1,0,0,1,0,0,0,0,0,0,0,0,0,0,0,0,0,0,0,0,0,1,0,0,0,0,0,0,0,0,0,0,0,0,0,1,0,0,1,0,0,0,0,0,0,0,1,0,0,0,0,1,0,0,0,0,0,0,0,0,0,0,0,0,0,0,0,0,0,0,1,0,0,0,0,0,0,0,1,0,0,0,0,0,0,0,0,0,1,0,0,1,0,1,0,0,0,0,0,0,0,0,0,0,0,0,0,1,0,1,1,0,0,0,0,1,0,1,0,0,0,0,0,0,0,1,0,1,0,0,0,0,1,0,0,0,0,0,0,0,0,0,0,0,0,0,1,0,0,0,0,0,0,0,0,0,0,0,0,0,0,0,0,0,0,0,0,0,0,0,0,0,1,0,0,1,0,0,0,0,0,1,0,0,0,0,0,0,0,0,0,0,0,0,0,0,0,0,0,0,0,1,0
"(15.2,15.5]",1,0,1,0,0,0,0,1,0,0,0,0,1,0,0,0,0,0,0,0,1,1,0,0,1,0,0,0,0,1,0,0,0,0,0,0,0,0,0,0,1,0,0,0,0,0,0,0,0,0,0,0,0,0,0,0,0,0,1,0,0,0,0,0,0,0,0,0,0,0,0,0,0,0,0,0,0,0,0,0,0,0,0,0,0,0,0,0,0,0,0,0,0,0,0,0,0,0,0,0,0,0,0,0,0,0,0,0,1,0,0,0,0,0,0,0,0,0,0,0,0,0,0,1,0,0,1,0,0,0,0,0,0,0,0,1,0,1,0,0,0,0,0,0,0,1,1,0,0,0,0,0,1,0,0,0,0,0,0,0,0,1,0,0,0,0,0,0,0,0,0,0,1,1,0,0,0,0,0,0,0,0,0,0,0,1,0,0,0,0,0,0,0,0,0,0,1,0,0,0,0,0,0,0,0,0,0,0,0,0,0,0,0,0,0,0,0,0,0,0,0,0,0,0,0,0,0,0,0,0,0,1,0,0,0,0,1,0,0,0,0,0,0,0,0,0,0,1,0,0,0,0,0,0,0,0,0,0,0,0,0,0,0
"(15.5,15.8]",0,0,0,0,1,0,1,0,0,0,0,0,0,0,1,1,0,0,0,0,0,0,1,0,0,0,0,0,0,0,1,0,0,1,1,0,0,1,0,1,0,0,0,0,0,0,1,0,0,0,0,0,0,0,0,0,0,0,0,0,0,0,0,0,0,0,0,0,0,0,0,0,0,0,0,0,0,0,0,0,0,0,0,0,0,0,0,0,0,0,0,0,0,0,0,0,0,0,0,0,0,0,0,0,0,0,0,0,0,0,0,0,0,0,0,0,0,0,0,0,0,0,0,0,0,0,0,0,0,0,0,0,0,0,0,0,0,0,0,0,0,0,0,0,0,0,0,0,0,0,0,0,0,0,0,0,0,0,0,0,0,0,0,0,0,0,0,0,0,0,0,0,0,0,0,0,0,0,0,0,0,0,0,0,0,0,0,0,0,0,0,0,0,0,1,0,0,0,0,0,0,0,0,0,0,0,0,0,0,0,0,0,0,0,0,0,0,0,0,0,0,0,0,0,0,0,0,0,0,0,0,0,0,0,0,0,0,0,0,0,0,0,0,0,0,0,0,0,0,0,0,0,0,0,0,0,0,0,0,0,0,0,0
"(15.8,16]",0,0,0,0,0,0,0,0,0,0,0,0,0,0,0,0,0,0,0,0,0,0,0,0,0,0,0,0,0,0,0,0,1,0,0,0,1,0,0,0,0,0,0,0,0,0,0,0,0,0,0,0,0,0,0,0,0,0,0,0,0,0,0,0,1,0,0,0,0,0,0,0,0,0,0,0,0,0,0,0,0,0,0,0,0,0,0,0,0,0,0,0,0,0,0,0,0,0,0,1,0,0,0,0,0,0,0,0,0,0,0,0,0,0,0,0,0,0,0,0,0,0,0,0,0,0,0,0,0,0,0,0,0,0,0,0,0,0,0,0,0,0,0,0,0,0,0,0,1,0,0,0,0,0,0,0,0,0,0,0,0,0,0,0,0,0,0,0,0,0,0,1,0,0,0,0,0,0,0,0,0,0,0,0,1,0,0,0,0,0,0,0,0,0,0,0,0,0,0,0,0,0,0,0,0,0,0,0,0,0,0,0,0,0,0,0,0,0,0,0,0,0,0,0,0,0,0,0,0,0,0,0,0,0,0,0,0,0,0,0,0,0,0,0,0,0,0,0,1,0,0,0,0,0,0,0,0,0,0,0,0,0,0
"(16,16.2]",1,1,1,1,1,0,0,0,0,0,0,0,0,0,0,0,0,0,0,0,0,0,0,0,0,1,1,1,1,0,0,0,0,0,0,0,0,0,1,0,0,0,0,0,0,0,0,0,0,0,0,0,0,0,0,0,0,0,0,0,0,0,0,0,0,0,0,0,0,0,0,0,0,0,0,0,0,0,0,0,0,0,0,0,0,0,0,0,0,0,0,0,0,0,0,0,0,0,0,0,0,0,0,0,1,0,0,0,0,0,0,0,0,1,1,1,0,0,0,0,0,0,0,0,0,0,0,0,0,0,0,0,0,0,0,0,0,0,0,0,0,0,0,0,0,0,0,0,0,0,0,0,0,0,0,0,0,0,0,0,0,0,0,0,0,0,0,0,0,0,0,0,0,0,0,0,0,0,0,0,0,0,0,0,0,0,0,0,0,0,0,0,0,0,0,0,0,0,0,0,0,0,0,0,0,0,0,0,0,0,0,0,0,0,0,0,0,0,0,0,0,0,0,0,0,0,0,0,0,0,0,0,0,0,0,0,0,0,0,0,0,0,0,0,0,0,0,0,0,0,0,0,0,0,0,0,0,0,0,0,0,0,0
"(16.2,16.5]",0,0,0,0,0,0,0,0,0,0,0,0,0,0,0,0,0,0,0,0,0,0,0,0,0,0,0,0,0,1,0,1,0,0,0,0,0,0,0,0,0,0,0,0,0,0,0,0,0,0,0,0,0,0,0,0,0,0,0,0,0,0,0,0,0,0,0,0,0,0,0,0,0,0,0,0,0,0,0,0,0,0,0,0,0,0,0,0,0,0,0,0,0,0,0,0,0,0,0,0,0,0,0,0,0,0,0,0,0,0,0,0,0,0,0,0,0,0,0,0,0,0,0,0,0,0,0,0,0,0,0,0,0,0,0,0,0,0,0,0,0,0,0,0,0,0,0,0,0,0,0,0,0,0,0,0,0,0,0,0,0,0,0,0,0,0,0,0,0,0,0,0,0,0,0,0,0,0,0,0,0,0,0,0,0,0,0,0,0,0,0,0,0,0,0,0,0,0,0,0,0,0,0,0,0,0,0,0,0,0,0,0,0,0,0,0,0,0,0,0,0,0,0,0,0,0,0,0,0,0,0,0,0,0,0,0,0,0,0,0,0,0,0,0,0,0,0,0,0,0,0,0,0,0,0,0,0,0,0,0,0,0,0
